,position,title,date,rating,source,content
0,1,Best acne cleanser!,"June 12, 2020",5,kcasares1214 · Review provided by ulta.com,This is probably the best acne cleanser I have ever used. I gave myself time to try it out for two weeks to properly give this review. I love that it feels so soft on your skin and it doesn't strip the skin or dry it out. I have oily to dry skin and get the occasional break outs. I had developed a red bump on my nose and when I used it the morning of getting the pimple it had already reduced the swelling on my nose and the redness. the tube says its a foaming cleanser but it never foams with me. It feels really creamy and gentle and it does not irritate your eyes at all. It takes all your make up off. It has no noticeable scent. I have used Cereve products for 10 years and I don't know how I missed purchasing this one all these years. I really recommend!
1,2,"So far, so good","March 23, 2020",4,Carrie V. · Review provided by ulta.com,"I have hormonal acne and have previously found success with benzoyl peroxide, I love that Cerave now makes a benzoyl wash as I trust the general gentleness of their products. So far my skin is doing amazing, no new breakouts. To address other comments: No, this wash isn't exactly ""foamy"" but that doesn't mean it isn't working. Also, be aware that not everyone's acne is the same. If this product is making you break out benzoyl is probably not for you - go try salicylic acid. (If I get anywhere near that I'm one giant pimple). The only drawback I've found to this face wash is immediate dry lip. My lips are cracking even though I put on chapstick constantly. But I love my skin so much right now I'm going to stick with it."
2,3,This stuff works!,"June 24, 2020",5,lauren · Review provided by walmart.com,"I just turned 30, and I have been struggling with adult acne for the past 4 years. Deep, painful, cystic pimples that have led to popping and scarring. I also have dry, sensitive skin. I have tried everything from high end to drugstore, other benzoyl peroxide products, and this is the only cleanser I?ve ever used that doesn?t irritate my skin at all, doesn?t dry me out, and has actually works on my problem skin. Almost immediately I felt a difference in the texture of my skin, it was much smoother after just 2 uses. I?m almost 3 weeks in using it daily and my skin is almost completely clear! I could cry I?m so thrilled with the results. I?ve paired it with witch hazel toner and the Cerave moisturizing cream and I think I?ve finally found a skincare routine that works and that costs about $40 in total. Couldn?t be happier."
3,4,This made my face SOOOO itchy,"August 13, 2020",3,Nicole · Review provided by ulta.com,"I was so excited when I first bought this. The 1st night I tried it, little bumps/ pimples appeared (which was fine because I thought my skin was purging). The 3rd day I used it, my skin started getting itchy and very dry (especially on my chin/lip area where my cystic acne were visible) but I kept on using it because I thought my skin was just getting use to the product. After 2 days I stopped because I couldn't handle the itch and dryness. I stopped using the product for 3 days and my skin healed. My bumps disappeared, face was not dry and itchy anymore. I used it again to give it a chance once more and my skin started itching again like crazy. This product is not for me :( If you have super sensitive skin, just be aware between purging vs. having a reaction to the product."
4,5,Really Like This,"March 29, 2020",4,Dwoozie · Review provided by ulta.com,"Due to cystic acne, my dermatologist recommended that I use a 10% benzoyl peroxide face wash in the shower each morning. I used a 10% solution for several years but was wanting to try a new product. I though I would give this product a try because I love other CeraVe products. Although, it is not a 10% solution, it seems to be just as helpful as the other product I was using (at least so far). This feels calming and less harsh than my other face wash and I even feel comfortable using it closer to my eyes and on my neck. The only thing that is a little strange is the face wash is very slippery but this isn't really a problem but I feels like it doesn't stay on my face very long. I have already bought a second bottle. If my acne keeps at bay, I would probably change my rating to 5 stars."
5,6,Didn't work for me but may work for you,"July 2, 2020",3,AB · Review provided by ulta.com,"I'm not sure what the problem was. I used this for around a month, first every night then alternating nights with a salicylic acid face wash. I didn't see any change in my breakouts. Could be how I was using it or maybe benzoyl peroxide just isn't effective on my acne. I also don't now how great cream cleansers are for me (this is way more of a cream cleanser than a foaming cleanser). I have combo oily skin and not sure this really got into my pores even though I would make sure to give it time to work before rinsing off. I will see, I didn't notice any dryness or irritate for this. So if benzoyl peroxide is your thing and you have dry, sensitive skin, this might be for you. Still a big fan of the CeraVe brand as a whole."
6,7,Super Effective!!,"August 25, 2020",5,Maddie · Review provided by ulta.com,"Let me start by saying: I put off using Cerave for a while but let me tell you, the hype is real. I've been struggling with acne (from masks, I think) for MONTHS and nothing was really helping. I finally cracked and bought this and I am seeing results! It's definitely a slow process (I've been using this cleaner for a week now) but my acne is less red and I haven't had any NEW pimples since starting to use it. BUT, I would be cautious with sensitive skin. READ THE BOTTLE FIRST! Benzoyl Peroxide can be drying (it's not for me and I have normal/oily-ish skin) so it may not be for everyone. I can say with confidence though that this is helping my skin."
7,8,READ THIS!!!,"February 2, 2020",5,Mariah · Review provided by ulta.com,"I've been using this cleanser for about a week and have already seen dramatic changes in my skin. Not only have most of my white heads disappeared, but the bumps under my skin have started to clear. I have combo skin and it tends to sting in the places where my skin is more dry and sensitive (area around my mouth). I have tried many different products to treat acne, but was too afraid of trying benzoyl peroxide because of the various harsh side effects on some people. However, I'm so glad that I finally decided to give it a try because it has cleared my skin faster than any other product. Benzoyl peroxide might be too harsh for some people, but this cleanser is formulated with very gentle ingredients that will counteract the dryness. If you have tried various acne products with little to no results, I recommend this!"
8,9,Effective,"March 10, 2020",5,Claire · Review provided by ulta.com,"I've been using it for 5 days so far, morning and night, and have already seen a huge difference with my acne. I bought this while feeling hopeless after a 3 month spell of really bad acne. I have bought 5 or 6 different products in hopes to cure this, and this is the ONLY product that I have used that has made a difference. Please give this cleanser a chance! Foaming doesn't bother me personally -- not too bubbly, but some bubbles. Easy to apply, and great for sensitive skin. It also doesn't dry it out!! 10/10 recommend."
9,10,"Effective, strong, for oily/combo skin","July 12, 2020",4,MaleficentMatt · Review provided by cerave.com,"This is a really effective cleanser that helps clear up problematic skin and keep oil at bay. I use every other night, as more often can be too stripping and intense. I will rotate this with a more gentle, non-foaming cleanser. Even though this powerful, I don’t find it irritating my skin. My moisturize right away with my Cerave lotion and my skin has seen improvement. Less is often more with acne fighting products. Use this in a rotation with a very simple routine and you will see improvement. Don’t overuse it."
10,1,Love this stuff!,"January 11, 2020",5,Katiemc08 · Review provided by ulta.com,Have been using this for a week and can't say enough good things about it! I love Cerave and am a die-hard user of the Hydrating Cleanser but I have acne-prone skin that is sensitive. The SA cleanser was too drying for my skin but this creamy cleanser works wonders! It does not foam but for me that's a plus. If your skin does not do well with foaming cleansers try this out. Great acne cleanser alternative to the hydrating cleanser. I haven't had any new breakouts since using.
11,2,100% worked.,"April 14, 2020",5,Review provided by cerave.com,"I didn’t have too many high hopes going into this product but it was a better option than my other, high in fragrance washes. This wash is FRAGRANCE FREE, and does wonders. I’ve never had nice skin but within two weeks of using this product (starting once daily with another cleanser then twice daily alone to get my skin used to the benzoyl peroxide), my skin is clear. It even helped calm my hormonal acne, which was wild! I 100% support this product and would endorse it given the opportunity. CeraVe contact me and maybe we can work something out! ;)"
12,3,Hydrating and actually works,"August 28, 2020",5,One of the best I've used · Review provided by ulta.com,So far I love this cleanser. I have never been able to find a cleanser that is so strong towards acne but non drying and hydrating. I have used salicylic acid and it has not worked for me and would dry out my skin. After using this product my face doesn't feel stripped and even after it drys you still are left feeling hydrated. My acne has cleared significantly since I started using this. I highly recommend for those with dry skin and acne prone.
13,4,,"September 29, 2020",3,sadgrl · Review provided by Target,"So if you only breakout around certain times or certain places(mild acne) I would not recommend this product. I have sensitive skin and mild breakouts but I get every type of acne(whiteheads, blackheads, cystic.)I started using this once a day and it was too much for my skin. It made it feel dry and a little irritated and it burned a tad. Obviously its formulated with 4% benzoyl peroxide so it is safe to use everyday however I only would if you are experiencing acne that takes a long time to go away and is on the majority of your face not just parts of it. Also dont use with any salicylic acid cleanser at the same time"
14,5,,"January 5, 2020",5,anni.a · Review provided by influenster.com,"I had dry sensitive skin my entire life then I went on a new birth control. My skin was still sensitive but it became oily and acne prone. This stuff has become my life saver for my acne. I use it twice a day It helps prevent break outs and get rid of current pimples without being too drying. Before I started using this, at the end of the day I would have at least 5-7 new breakouts. Now I barely have any. Also just as a side note, It doesn’t really foam at all. I would just call it a cream cleanser. My skin feels very clean after using it."
15,6,Combo skin + acne prone,"August 24, 2020",5,Kate · Review provided by ulta.com,This wash has been a great part of my skincare routine keeping my breakouts in check. Doesn't upset my skin and leaves my face feeling clean without the stripping feeling.
16,7,Really great product,"April 28, 2020",5,Abby · Review provided by ulta.com,I am very happy with this! I was using a salicylic acid cleanser which just wasn't doing anything for my hormonal acne. I have a lot of small bumps on my chin and jaw and nothing was working. Of course this is a bit drying as it is 4% peroxide. I use this once a day and religiously use the Cerave PM moisturizer- day and night. I have dry/combo/sensitive skin and have had zero problems. I will continue to use this for awhile!
17,8,Great product!,"January 24, 2020",5,Ellie · Review provided by ulta.com,I was skeptical about trying this product. I've used the cerave foaming facial cleanser for about 2 years but decided to try this acne foaming cleanser and so far it's been great! I'm in my 2nd week of using it and it has improved my acne so much along with the overall appearance. This product is great! I still using the foaming cleanser to remove my make up as a pre-wash and use the moisturizing lotion to top it off! Love the product!
18,9,Great Face Wash for Acne,"July 26, 2020",5,Courtney · Review provided by ulta.com,This is by far the most effective face wash I have ever used for acne. I've learned that my acne responds best to benzoyl peroxide more so than salicylic acid so I figured I give this a try. There are no extra ingredients or fragrances to irritated your skin and this cleaner will not leave your skin feeling stripped and dry after use. I have definitely noticed a difference in the amount of new pimples I am getting and also how quickly current acne is shrinks. I would really recommend!
19,10,Good and quick results,"August 22, 2020",5,Kristal · Review provided by walmart.com,As I got older my acne calmed down and I really didn't worry with it anymore. My face has never been completely clear but good enough. Once COVID broke out and I had to wear a mask all day I literally cried my skin looked and felt so terrible. Im on day 4 of the wash and its has drastically changed. Best $12 purchase ever! Side note I also used equate beauty acne treatment gel at night on big blemishes. But I believe most the credit goes to this wash.
20,1,3 days in.,"April 1, 2020",5,erin · Review provided by ulta.com,"I have been going through one of the worst breakouts ive ever had. I had seen this product several times but was scared trying something new would make the issue worse. but it finally got to the point my face was in physical pain it hurt so bad. i bought it. im 3 days in using morning and night, and its helped already. i suggest trying it. i have oily skin and yes it is drying. but i think that it giving my face time to heal and once its clear i will use it at night only."
21,2,Highly recommend it!,"January 23, 2020",5,Gossip girl xoxo · Review provided by ulta.com,"I have combination skin with a little surface dryness around my nostrils and chin so I was looking for something that wouldn't dry out my face but help with my breakouts at the same time. The cleanser really helps with breakouts and your skin texture, my skin has been as smooth as a baby's butt ever since I started using this. The only con is that it doesn't really foam unless I use it with a wash cloth but I absolutely don't mind. This as a cleanser and the CeraVe moisturizing lotion is the way to go!"
22,3,Believe the hype.,"June 30, 2020",5,coco · Review provided by Target,Believe the hype.
23,4,Finally!!!!,"March 13, 2020",5,Kelly · Review provided by ulta.com,Ok so I've been searching for something to clear up my acne. Now I don't have crazy acne but I had bumps all over my cheeks/chin. And sometimes they were small but sometimes they felt like really painful cystic acne. It took a month for the results to finally show. In my picture you can still see the red scars but no more bumps all over. Get it but stick with it for a month. I used it twice a day and moisturized with the cereve moisturizer
24,5,Please say it ain’t soooo,"August 11, 2020",5,RaeMari3 · Review provided by cerave.com,"I love this. Literally my skin has been clear for 8 months with this. Now I can’t find it!!! Playing it’s not discontinued. It’s the only thing that has worked in the 16 yrs I have suffered with acne. I do have sensitive skin. So this took some getting use to. It burns a little but works on my oily, sensitive, acne prone skin."
25,6,Great Over the Counter Face Wash,"September 16, 2020",5,Michi_h21 · Review provided by Target,"WOW! My dermatologist prescribed me a BP wash that was only 2.5%, since I was still struggling with clearer skin I decided to try something else out with a bit higher %, and decided to buy this based off IG recommendations. I must say since starting to use this my face is clearer and my clogged pores are starting to minimize. I really enjoy this product and think it's a great addititve to anyone's beauty routine."
26,7,Don't look any further!!!,"September 17, 2020",5,P · Review provided by ulta.com,"If you are looking elsewhere for an acne (including ""maskne"") treatment, stop!! This is THE BEST. It is gentle, effective, and a great price. Haven't used a product this effective since proactiv many years ago. Proactiv was too harsh (and expensive) for my skin. Make sure to use a moisturizer and sunscreen with this and you won't regret it!!!"
27,8,instantly loved it!,"June 7, 2020",5,bebecitaa · Review provided by ulta.com,i have moderate acne and the first night i used it the next day i saw a some change on my skin. my acne wasn't as red and the bumps had become smaller but after using it constantly my acne was little to none. i recommend using it once a day at the start bc it can dry out your skin. i would use it at night and then a moisturizer from the same brand and in the morning i used the normal face wash that they have too with the vitamin c serum they have and a moisturizer. 10/10
28,9,The best EVER,"April 26, 2020",5,savvy1234 · Review provided by cerave.com,"I have always had terrible acne... cystic to be exact. It was at the point where I was told to go on Accutane (I have struggles with pills so that didn’t last for young me, unfortunately). But this product has done WONDERS. Nothing else has worked and I’ve tried so many things. I’m so glad I found Cerave. I will be swearing by their products and trying other things by them from now on. THANK YOU!"
29,10,The best cerave cleanser!,"June 5, 2020",5,AVT · Review provided by ulta.com,"This is the best, gentle, lightly foaming cleanser for acne prone skin yet! there's no nasty fragrance, it doesn't foam that much, only a nice light amount. it helped to clear the light underground bumps on my forehead, and i haven't broken out since using this. if your struggling with breakouts and bumps, this is the very very best cleanser on the market!"
30,1,This is the best benzoyl peroxide wash I've used!,"April 29, 2020",5,ebranan · Review provided by cerave.com,I've been using the new Acne Foaming Cream Cleanser for about a week now and all I can say is wow. The wash is really effective at treating my acne (I've seen a major improvement in just a week) but literally leaves no dryness whatsoever. I have never been able to find a face wash with the benzoyl peroxide (even in percentages lower than the CeraVe) that don't dry my face to a crusty mess. Highly Recommend!
31,2,Not for sensitive skin,"October 1, 2020",2,Hannah · Review provided by Target,"I tried this on recommendation from my derm and I’ve used it three times and already have itchy raspy blisters on my face which I’m certain is contact dermatitis. If it wasn’t for this I would give it more stars. It is a great benzoyl peroxide cleanser, my face every where else is so soft and active pimples are healing very quickly. I’d suggest use only a couple nights a week and use non active ingredient cleansers the rest of the time"
32,3,It's good!,"April 28, 2020",5,Kes · Review provided by ulta.com,"It's just like any bp products! Just advice to anyone not seeing results, leave it on for 2-3 mins before washing it so the bp gets to work! Also, for people saying it broke them out upon first use, it's called purging! Many acne products are pushing bacteria to the surface, which creates purging. Acne products usually take 6-8 weeks to start seeing results. Stick with it!"
33,4,Impressed but is a little runny,"January 6, 2020",4,Guy20 · Review provided by cerave.com,"I've been using Cerave Acne Foaming Cleanser for the past few weeks, and I have to stay that I'm impressed by it with the ceramides in it. It is runny, so I do have to apply more then what it recommends to fully use on my face after I lather it. When I do use a dime-size amount and apply it to my face, it just feels like a thin film that drops off my face no matter how much I lather it. I may by this again but the runny feeling isn't working for me."
34,5,Best cleanser for me.,"September 19, 2020",5,Kelly · Review provided by ulta.com,"This is the best cleanser I've used so far for a great price. The Dermalogica ""clearing skin wash"" cleanser irritated my skin badly and dried it out. This cleanser kept my skin feeling comfortable and not too dry, and it feels great when applying. Take 60 seconds in the morning and during your shower to massage onto your face--the 60 seconds really makes a difference."
35,6,Been using for more than one month and no difference,"February 2, 2020",1,Ash · Review provided by ulta.com,"BP is very drying and irritating so I thought the moisturizers in this would help. It does minimize the irritation but my skin stays dry. It also hasn't affected my hormonal/cystic acne. I thought It improved it but almost 5 weeks in, and I can definitely say it's not helping and may be making things worse. I had high hopes for this product and I'm super disappointed :("
36,7,,"August 3, 2020",5,T · Review provided by Target,Still on the first bottle but I’ll definitely repurchase. I’ve been using for a couple weeks now and my face has never been clearer. It got rid of almost all the back heads on my nose and I have minimal acne now. There is even a huge difference in the redness and breakouts I used to have from shaving. 10 out of 10 recommended. Especially at this price point.
37,8,Completely changed my skin,"July 10, 2020",5,Mb12313 · Review provided by ulta.com,"This has been the only cleanser to actually help my skin. I've struggled with hormonal acne around my chin area and the normal breakout for years since I have extremely oily skin. I've tried everything. Within the first week of using this my skin has changed completely from having the worst breakout of my life, to even textured skin and no more cysts popping up"
38,9,Its Alright,"September 8, 2020",3,Fatema · Review provided by walmart.com,"So Ive been needing a acne cream for so long then I saw a girl making a video one day about cerave acne, so I did research and saw a lot of ppl really liking it so I ordered it and I used it a few days and saw instantly everything was slowly going away. Also I saw that if I dont use it a lot then a lot more will appear. So yea you have to make sure you use it often. Any ways its really good tho. So make sure your order it."
39,10,Happy I Tried It!,"June 25, 2020",5,Me · Review provided by walmart.com,"I really like this face wash. I was looking for a product with BZ that would not dry my face. This product is gentle and has helped my acne stay at bay. My temples and nose are clearing up rather fast and have not had any breakouts in them. Also has been helping to clear up my acne scars. Can be scary to switch to a new product, but this is worth the try."
40,1,Great and gentle product,"September 29, 2020",5,GadgetGirl · Review provided by walmart.com,"I want clear face without the extra effort and this did wonders for me, esp during the time where wearing a mask breaks me out more than usual. My teen son shares the same and we both notice difference the first week! It is so gentle and effective with little effort. Highly recommend."
41,2,not bad,"September 10, 2020",3,coda · Review provided by ulta.com,"this isn't a bad cleanser, it just didn't clear up my acne, prevent new acne or blackheads like it said it would. it cleanses super nicely though. it's kinda like cetaphil, super simple ingredients but cleanses like it's suppose to. except this cerave cleanser has more advance ingredients."
42,3,My new favorite cleanser,"June 17, 2020",5,Shayna · Review provided by ulta.com,"I love this product! I have combination skin and this cleanser does a great job of balancing my skin textures. Skin feels really smooth after use as well! If you use it twice a day as recommended and combine it with a good toner and moisturizer, you're skin will be GLOWING."
43,4,WOW!! BUY BUY BUY,"September 7, 2020",5,- · Review provided by ulta.com,"Omg! I have acne prone skin and in a matter of two days, this product reduced my acne size and helped with redness dramatically!! My bumps are disappearing everyday and I'm so happy! Also I have sensitive skin, and combination skin. I've tried a lot of products and I'm telling you guys this works and it works great!!"
44,5,New favorite wash,"April 28, 2020",5,Jellyfish Kelly · Review provided by ulta.com,"It made me purge a bit at the beginning for a couple of days, but after getting used to it, my skin has never been clearer. Make sure you wash for at least 60 seconds and follow up with a hydrating routine! It can dry you out at first as well but as long as you have good hydrating ingredients in your routine and a moisturizer then you're fine. Love this"
45,6,,"August 7, 2020",5,Sav343her · Review provided by Target,I have had hormonal acne that comes and goes. My skin is also relatively sensitive. This stuff is amazing. My skin cleared up in a few days. It leaves a nice clean feeling glow afterwards. I use the gentle cleanser first followed by this and my skin has never been so clear!
46,7,Never going back,"May 6, 2020",5,. · Review provided by ulta.com,"I've been using only this and a cetaphil moisturizer for about 2 weeks now and my skin has completely cleared up all blemishes and bumpy texture. Sometimes a simple routine is better, and this product definitely works while still remaining gentle on the skin! My skin is so soft and supple and I will never use another cleanser. 5 stars from me!!!"
47,8,Noticeable results in One week!,"April 16, 2020",4,Meesh · Review provided by cerave.com,"I’m in my late 30’s and still suffer from breakouts and dark spots. After Covid-19 hit the US I began to break out even more. So, without research and luck I thought to try this to clear it and so far it’s works great! I use this in combination with the retinol serum! My skin is looking pretty dope!"
48,9,So far so good,"May 30, 2020",4,Angel · Review provided by ulta.com,I decided to give this product a try especially since cerave has been getting a lot of hype. My skin was doing the worse it has In awhile. I found that this cleanser helped a lot with the small acne around my forehead. Overall my acne has decreased so I recommend this cleanser.
49,10,Worst product I've used,"February 24, 2020",2,Lins · Review provided by ulta.com,"This product was the worst face wash I've ever used. The first night I used it my entire face dried out and my skin texture turned absolutely disgusting. I should also mention that it left little red dots in my t-zone area. I don't recommend if you have oily, acne prone skin."
50,1,So far so good!,"April 29, 2020",4,Nuna83 · Review provided by cerave.com,"In my mid-thirties and all of sudden I got hit with adult acne! Decided to try this product because not only does it fight acne, it also promotes healing of the skin. I like that it doesn’t dry my skin out, but it also doesn’t cause my skin to get oily. My skin is balanced and feels refreshed."
51,2,Made my acne worse,"March 12, 2020",1,B · Review provided by ulta.com,"I've been using this stuff for about a week. I didn't have terrible acne to begin with (mostly hormonal), but I currently have the worst breakout I have had in quite a while and am wondering if this is causing it. Nothing else in my routine has changed. For reference, I have dry-ish, sensitive skin."
52,3,,"October 12, 2020",4,Kenz · Review provided by Target,I was using a different benzoyl peroxide wash that wasn't doing much for the small breakouts I was getting on my temples. This (in combination with Cetaphil daily facial wash & the Cerave retinol serum) have cleared up my face and doesn't overdry my combination skin. Definitely worth a try!
53,4,Works Better Than Anything I've Ever Tried!,"July 15, 2020",5,Fragile Skin · Review provided by ulta.com,"I use it once or twice a day, depending on how my skin looks. It does not leave my skin feeling ""tight"" as almost every other product does. It is easy to apply and rinses off easily. Everyone's skin is different, but this is WELL worth a try."
54,5,Terrible. Burnt face.,"June 30, 2020",1,Alexis · Review provided by ulta.com,"Terrible. Within 3 days of using my face is burnt and red, itching and swollen. Completely broken out in places I have never had issues with before. My face is painful and I have huge pimples on the side of my face."
55,6,A good dose of bp,"January 12, 2020",4,Mandy · Review provided by ulta.com,"Previous reviewer stated that this does not foam; However, it does and you'll notice that if you rub it between your hands. The consistency is thin and that makes it runny. I have not developed any noticeable reactions or irritation. I'll probably continue buying it."
56,7,Amazing!,"May 2, 2020",5,TANYA · Review provided by walmart.com,"This product literally cleared and dried up my teenagerâ€™s acne in 2 days!! I saw results right away. If you especially have a teenager going through puberty and experiencing bad acne breakouts, purchase this product. My son is very happy with the results!!"
57,8,Not for me,"October 5, 2020",1,Kayla · Review provided by ulta.com,"Was really excited about this product bc I love the Cerave line, but after 3 days of using this....under my lips and under my nose is completely covered with little white pimples. I have combination skin and sensitive skin. I do not recommend if you have sensitive skin"
58,9,Didn't work for me but maybe for you,"July 7, 2020",3,Oily skin · Review provided by ulta.com,"I've been using this product for a couple weeks now and have seen little changes in my cheeks but the pimples I've had for awhile now, won't go away. My skin type is mostly oily, which it helps with the oiliness but didn't really help with the acne. It may work for you but it didn't work for me."
59,10,The best ever,"May 19, 2020",5,Latifa · Review provided by ulta.com,I used a SA cleanser for the longest time and it only gave me me wrinkles and irritated my skin. I switched to this and within 3 days my skin was so much better. It purged a little but most acne products do that. I have the best skin of my life right now
60,1,Hit or miss?,"August 23, 2020",4,ROSE K · Review provided by ulta.com,"This has definitely helped clear my skin a bit. But like a lot of the reviews say, it is pretty drying. I have found that if I only use it once a day my skin wasn't as dry. I also reccomend using a hydrating/sensitive skin cleanser in your routine while using this(:"
61,2,Good for acne,"April 14, 2020",4,sarah · Review provided by ulta.com,"Finally started kind of working after 4 weeks of use. Made the mistake of washing it off too quickly after application, so make sure it stays on your face more than just a few seconds before washing off! Works as expected, much like any other benzoyl peroxide face wash."
62,3,Not the best,"July 8, 2020",2,Hanna · Review provided by ulta.com,Funky smell (which I don't mind) but it didn't do anything for my skin. If anything it made my acne worse! I get bumps here and there on my face and painful bumps as well and this seemed like it gave me more painful breakouts! Will not buy ever again.
63,4,"No, no, no.","April 28, 2020",1,MrsAwesomeSapp · Review provided by ulta.com,"This wash broke me out. I understand there's a period of time for the skin to get used to a new product, but I've been using this for over 2 months, and I get new acne DAILY. Do not waste your money. You're better off using the SA cleanser from CeraVe."
64,5,,"August 9, 2020",5,Review provided by Target,"I love this cleanser, really helped me alot and I will definitely recommend if you want your skin to be clean, smooth and clear from acne and blackheads. I feel way more confident about my face, definitely will be buying more. I am so happy about the results! :)"
65,6,It's good,"January 3, 2020",4,Kaylyn · Review provided by ulta.com,I like this so far. I gave it a 4 star because it doesn't foam like it says on the tube. But it's gentle on my skin and seems to be doing well for me! I recommend this to anyone with acne. It's not harsh on the skin.
66,7,LOVE!,"September 8, 2020",5,Lina · Review provided by ulta.com,"I use this 2-4 times a week during my night routine, if I see any breakouts coming through. It is hydrating and doesn't irritate my skin which is very sensitive. I will be repurchasing soon since the one I currently have is almost out."
67,8,Amazing!,"April 13, 2020",5,Ashe · Review provided by cerave.com,I just bought this at walmart a week or so ago along with a few other products and honestly I threw my other face products out. This has worked amazing for me so far!
68,9,Keeps Acne at Bay,"June 14, 2020",5,BF · Review provided by ulta.com,I've used this daily or every other day for months now and it works really well for me. I rub it between my hands before applying to the face then let it sit for about 2 minutes before washing off.
69,10,Like this product so far,"December 27, 2019",4,Leapshun69 · Review provided by cerave.com,"It leaves my skin soft and supple. I have only been using in about one week and it seems to be keeping my breakouts to a minimum. However, I don’t know what moisturizer to use following the cleansing."
70,1,Amazing,"August 13, 2020",5,DisneyMermaid · Review provided by Target,"I highly recommend most CeraVe products, this one included. Super lightweight, but effective. Won’t strip your skin or make you feel like you skin is right and dry."
71,2,So So Good,"September 28, 2020",5,Danielle G · Review provided by ulta.com,Love anything by this brand they have the most gentle clean products for your skin. Seriously reduces my acne and oil so much when I use this product. Scentless.
72,3,Cleans Face Very Well,"May 6, 2020",5,Awhite2005 · Review provided by cerave.com,I love this face soap. I have been looking for a face wash that actually got oil off my face and left my pores clean and healthy. I would recommend this face wash if you have acne and oily face.
73,4,Not for sensitive skin unfortunately,"October 1, 2020",2,HannahL · Review provided by ulta.com,Three uses and I blistery red itchy rashes on my face that are now try patches of skin now I've stopped using it. I personally don't think benzoyl peroxide is the best ingredient for sensitive acne prone skin.
74,5,Perfection,"March 21, 2020",5,SW · Review provided by ulta.com,I have been struggling with comedonal acne for a few months but have been scared to try products for acne due to my sensitive skin. This cleanser has delivered results after just 2 uses!! Love Cerave!!
75,6,Caused cystic acne,"July 17, 2020",1,No · Review provided by ulta.com,I bought this product to help my acne but it made it much worse and caused cystic acne. I had to go to a dermatologist to help clear the cystic acne infection and the acne this product caused. Do not recommend.
76,7,I've had better.,"October 5, 2020",2,asantiago · Review provided by Target,"This didn't really do anything for me. If anything it made me breakout, I prefer using the CeraVe Gentle Foaming wash & then using the CeraVe SA Cleanser afterwards. I feel its more effective."
77,8,,"January 3, 2020",3,andrea.h · Review provided by influenster.com,I don’t think this product helped my stubborn acne anymore than the other cleansers did. If I buy something specific for acne I want to see results and there wasn’t much of a difference in my face verses the regular cleansing formula.
78,9,YES YES YES,"January 14, 2020",5,katy k · Review provided by ulta.com,i struggle with acne so bad and i finally found a wash that helps. you don't have to use something else for it to work. it's one product that actually works. i love it.
79,10,Fairly well on basic acne,"August 19, 2020",4,lorianimal · Review provided by ebay.com,I believe the product works fairly well but I did expect a bit more from it from ratings I reviewed. I have acne at my old age of nearly 60 from medication so could be harder to control than someone younger.
80,1,Great face wash!,"June 27, 2020",5,Lina · Review provided by ulta.com,I've been using this face wash for over a week now and it has improved my skin. I get hormonal acne and this has helped prevent that. Even the acne spots I did already have this face wash cleared it up.
81,2,Acne,"September 4, 2020",5,Becky · Review provided by ulta.com,It's a must to apply a good moisturizer after washing your face I also recommend to use at night if u have sensitive skin like I have. It also calmed down my redness...It's a cleanser that I will continue buy
82,3,ugh the best !,"September 4, 2020",5,jennie · Review provided by ulta.com,"helped me so much with my acne/ acne scars :) ! I hated the cerave renewing sa cleanser but when I tried this I fell in love with it , so gentle on my skin and works sooo good ! < 3"
83,4,Really good but runny,"January 29, 2020",4,Samantha · Review provided by cerave.com,"I love that cleanser does not have fragrance in it. It’s improving my skin, but like the previous reviews, it’s runny, and I have to pour more then what it recommends."
84,5,Made my skin clear in about 2 weeks!,"June 9, 2020",5,Jazzzzzzzzz · Review provided by cerave.com,My husband and I love this face wash! Its not drying at all and cleared our skin up so fast. Usually nothing clears my break outs so I was pleasantly surprised
85,6,Worse breakout ever,"September 1, 2020",1,Keke · Review provided by ulta.com,I have been using this for 3 weeks and I have gotten the worst acne I ever had. I have never broken out this bad before. I was hoping this would help my skin all it did was make it worse.
86,7,made my whole face red and burn,"May 31, 2020",3,kayla · Review provided by ulta.com,i used this product once a day. at first my skin looked great bad after a couple of days it got red and would burn when i washed it off. wouldn't recommend for sensitive skin.
87,8,"Did nothing, made acne worse","August 3, 2020",1,Skincare Junkie · Review provided by ulta.com,"This is way to expensive for it to do absolutely nothing, it barely even washes your face, my skin didn't feel clean after using it and it made my acne worse. Claims are fake."
88,9,Worked amazingly for blackheads!,"June 7, 2020",5,Renata · Review provided by walmart.com,Highly highly recommend! First week-cleared 80% of my son's blackheads. I have never seen an OTC product work this effectively.
89,10,100% Reccomend,"September 15, 2020",5,Jen · Review provided by ulta.com,I struggle with acne and have had this for a month and my skin is almost clear. I have oily/combination skin. It also got rid of my whiteheads!!!< 3love it!!!
90,1,love this stuff,"January 28, 2020",5,Review provided by cerave.com,"cerave never fails to disappoint, i usually use their hydrating cleanser in the am and their foaming cleanser in the pm, but when that time of the month comes around and i get those cystic pimples, i use this and it lightens hyperpigmentation and gets ride of them with out over drying"
91,2,Amazing!!,"October 5, 2020",5,Ash · Review provided by ulta.com,"I have always had acne issues. I have pcos, which causes acne. I bought this few weeks ago and my husband said your skin never looked better ❤️"
92,3,My skin has never looked better!,"October 1, 2020",5,HMack · Review provided by ulta.com,This product is amazing! I am glad I changed my whole skin care routine to this. This has changed my skin's life!
93,4,Great product!,"September 7, 2020",4,NP · Review provided by ulta.com,I only use this at night before bed because I find that it dries out my skin too much if I use it twice a day. It does help with the treatment and prevention of acne.
94,5,Acne sufferers-Go buy it!,"August 25, 2020",5,Sara · Review provided by Target,I suffer from acne (mostly cystic) and I thought my skin hated cleansers. This cleanser has helped my skin immensely over the past few months.
95,6,works great!,"July 11, 2020",5,hi · Review provided by ulta.com,i love this cleanser!! i have acne prone skin and it cleared up some of my blemishes! definitely recommend!!
96,7,This product = great results,"March 18, 2020",5,k scott · Review provided by ulta.com,"I use this product daily on my face, neck and shoulders. My acne has cleared up within a couple of weeks of using this product."
97,8,Helping to clear my skin,"June 14, 2020",5,Bug3 · Review provided by ulta.com,I use this every other day in conjunction with SA cleanser. This has really helped my hormonal acne breakouts.
98,9,"Awesome, lifesaver","January 20, 2020",5,Kelly82 · Review provided by cerave.com,This is the perfect amount of bp. I have not been dry at all and my couple of pimples cleared up in 2 days. Highly recommend.
99,10,soo good,"December 27, 2019",5,kr · Review provided by ulta.com,"i love cerave, and my skin does really well with benzoyl peroxide. i washed my face for the first time with it and it feels soo good and not drying!!!"
100,1,Bleached my towels,"September 13, 2020",1,Hannahf · Review provided by cerave.com,I bought this cleanser and I’m rinsing it off fully with water. I’m just using a towel to dry the water off my face and it is bleaching them.
101,2,Cystic acne be gone,"January 24, 2020",5,Thithi · Review provided by ulta.com,This has helped my skin a lot I have pcos and have noticed a ch age within days of using this it is more creamy than foam which I prefer anyways not sure why there is some negative reviews ladies remember if your cycle is near don't try something new wait til it's over my skin was breaking out from my cycle and some of us thinks it's the new products but it's our hormones
102,3,Where has this been all my life!?!?!,"August 18, 2020",5,Dess · Review provided by Target,"I'm 25 and I have adult acne.I have tried almost every drugstore acne cleanser and none come even close to this.Now I understand why it's sold out almost 80% of the time.Within three days my face was almost completely clear!It's gentle,scent free & doesn't leave my skin dry.I am SO glad I decided to try this.This is a holy grail product & I will be getting this from no on."
103,4,Not for me,"September 23, 2020",1,amc · Review provided by ulta.com,"This product gave me cystic acne, I have never had that before. I am about two months off this product and still trying to heal what it did for me.."
104,5,this is amazing honestly,"August 24, 2020",5,lee · Review provided by ulta.com,"I saw this on tiktok and I decided too try it out , it helped with my break outs and acne :) luvvv ittt"
105,6,Daily cleanser,"May 1, 2020",4,Andie · Review provided by cerave.com,"I love this cleanser for daily use, doesn't dry out your skin. Does bleach towels though."
106,7,Made me breakout worse,"June 26, 2020",1,Teen · Review provided by ulta.com,I know purging is a thing but my skin was already bad before and now it's so bad i got like 30 new blemishes all over my cheeks using this product.
107,8,,"August 11, 2020",5,cassidy · Review provided by Target,I love the CeraVe products ! I like to use this when I have any breakouts along with the foaming facial cleanser
108,9,It works!!,"October 22, 2020",5,Angie · Review provided by walmart.com,I'm so happy I purchased this product. I noticed a difference in my blackheads within 3 days. You must try it!
109,10,This worked,"March 12, 2020",5,Jilly · Review provided by ulta.com,This started working immediately on my skin. I had noticeable results and way less blemishes.
110,1,BE careful if you have sensitive skin!!,"July 22, 2020",1,Rica · Review provided by ulta.com,I used this twice and the following day I woke up and the perimeter around my face had hives and was VERY Itchy.
111,2,Best face wash,"October 5, 2020",5,Martha · Review provided by ulta.com,I love this face wash bc leave my skin clean and in control of my acne problem
112,3,Best thing I’ve purchased,"June 2, 2020",5,Monica · Review provided by walmart.com,Definitely helps with my acne and scars. First time I used it I saw a difference.
113,4,,"September 27, 2020",1,anonymous · Review provided by Target,I have been using for a few months and haven't seen any changes. I continue to break out around my cheeks and chin area.
114,5,cleared my face and back,"August 28, 2020",5,mj · Review provided by ulta.com,"I LOVE THIS, it feels so refreshing and moisturizing and it cleared most of my acne and scars"
115,6,Is absolutely amazing for acne,"May 2, 2020",5,Iveyoyo · Review provided by cerave.com,I love having this product because who loves acne ewww
116,7,It doesn't even foam,"March 11, 2020",3,Lauren · Review provided by ulta.com,It doesn't even foam and I don't believe it cleanses my skin. I'm going back to my regular cleanser.
117,8,Will but again,"May 28, 2020",4,Alexandra · Review provided by ulta.com,It makes my skin red at first but a few minutes later the redness goes away and the size of my pimples reduces.
118,9,Bleached my clothes!,"August 9, 2020",4,Grace · Review provided by ulta.com,Loved it worked well on my skin but it kept bleaching my shirts because of the benzoyl peroxide
119,10,Very good product,"September 13, 2020",5,reajoyk · Review provided by walmart.com,This is an amazing product! Works just as well as prescription.
120,1,Didn't work,"March 7, 2020",3,Sara · Review provided by ulta.com,I've used it for awhile now but it hasn't helped clear or prevent my acne. Disappointed.
121,2,Its Great!,"May 11, 2020",4,Nick · Review provided by cerave.com,Its Great and works wonders for my skin. I like the price of the product as well.
122,3,love,"August 13, 2020",5,SamBtheLamb · Review provided by ulta.com,it doesn't leave my skin feeling stripped and still helps prevent and heal breakouts.
123,4,Didnt work for me,"August 27, 2020",2,lsoeubrads · Review provided by Target,Didn’t work for me. Tried it for a month or more and saw no improvements with acne.
124,5,Didn't work for me,"September 23, 2020",1,Ashley · Review provided by ulta.com,I feel like my breakouts got worse. Used one bottle just to give it time to work.
125,6,Excellent,"June 18, 2020",5,Jen77 · Review provided by Target,Excellent Product saw a difference in 3 days ..love it still using the product 1 week in
126,7,holy grail,"April 13, 2020",5,okokok · Review provided by cerave.com,i love this product!!! great quality great price !!
127,8,Does not foam,"October 22, 2020",2,Amy315 · Review provided by cerave.com,I can’t get it to foam. What am I missing. Can someone help me
128,9,,"August 27, 2020",5,Mayla · Review provided by Target,Love this face wash!! Perfect for oily skin and blackheads
129,10,Life changer,"August 15, 2020",5,sara · Review provided by ulta.com,I love this stuff. it really helped clear my skin.
130,1,,"September 3, 2020",5,Jackie · Review provided by walmart.com,Works really good my skin is clear thank god to skin care by hayrum
131,2,Made acne worse,"January 31, 2020",2,Rachel · Review provided by ulta.com,Made my acne worse and irritated my skin.
132,3,,"May 25, 2020",5,Excellent acne cleanser · Review provided by Target,My son acne got 70% improved after 5 days use. Very good
133,4,,"July 10, 2020",5,Mw130 · Review provided by Target,Works really well for acne without drying out my skin
134,5,Definitely buying this again,"September 14, 2020",5,A · Review provided by ulta.com,Such a great product
135,6,,"September 2, 2020",5,DJ · Review provided by Target,My skin is noticeably more clear.
136,7,Love it!!,"March 22, 2020",5,Taylor · Review provided by ulta.com,Use it everyday twice a day
137,8,Didn't live up to what I expected,"August 25, 2020",1,rockyyy · Review provided by ulta.com,Broke me out bad :(
138,9,Uhm,"August 5, 2020",3,Kathy · Review provided by walmart.com,Doesn't foam up and didnt work for me.
139,10,,"August 25, 2020",1,sk · Review provided by Target,why the price went up so much???
