,position,title,date,rating,source,content
0,1,This worked!!!,"October 10, 2020",5,Strett · Review provided by boots.com,I saw taht this was recommended for my acne and I reluctantly bought it. But however to my suprise it actually worked and cleared up it with in 5 days. worth the hype!
1,2,CeraVe Hydrating Cream-to-Foam Cleanser 236ml,"October 12, 2020",3,"""Laura SHEPHERD"" · Review provided by justmylook.com",This feels nice and is good at cleansing but I had hoped it would moisturise my face as well. It made my skin quite taut & drier than normal.
2,3,Amazing product,"October 11, 2020",5,Skincarejunkie · Review provided by boots.com,"This cleanser is light weight , good for your skin and for people with acne , perfect for people with sensitive skin , use twice a day for best results with a cleansing brush :)"
3,4,Makes skin feel clear and soft,"October 23, 2020",4,SAMiah · Review provided by boots.com,It’s a good product but I used another face wash to take off my makeup and use this afterwords to remove any excess and it leaves my skin so soft and clear!
4,5,Good product,"October 11, 2020",4,Buddy124 · Review provided by boots.com,Started using this and literally melts the make up off my face. Makes my skin feel really smooth after
5,6,So good!!,"October 17, 2020",5,Colette · Review provided by feelunique.com,The CeraVa is really good at cleansing makeup without stripping my skin and it leaves my skin feeling soft and moisturised.
6,7,I love it,"October 8, 2020",5,Julia · Review provided by beautyexpert.com,"Came on time, the cleanser is very good ,removes make up and leaves the skin soft , love this CeraVe product ❤️"
7,8,Cerave is the one,"October 11, 2020",4,Helena · Review provided by boots.com,"Really good at cleaning the skin after taking makeup off, I know my face is 100% clean and all make gone at the end of the day"
8,9,CeraVe Hydrating Cream-to-Foam Cleanser 236ml,"September 26, 2020",4,"""Anonymous"" · Review provided by justmylook.com",Again only started using a few days ago but like it ip to now
9,10,Cerave Hydrating Cream-to-Foam Cleanser 236ml,"October 20, 2020",5,"""Alia Azis"" · Review provided by landyschemist.com",Purchased for my friend and she really love it
