,position,title,date,rating,source,content
0,1,This worked!!!,"October 10, 2020",5,Strett · Review provided by boots.com,I saw taht this was recommended for my acne and I reluctantly bought it. But however to my suprise it actually worked and cleared up it with in 5 days. worth the hype!
1,2,CeraVe Hydrating Cream-to-Foam Cleanser 236ml,"October 12, 2020",3,"""Laura SHEPHERD"" · Review provided by justmylook.com",This feels nice and is good at cleansing but I had hoped it would moisturise my face as well. It made my skin quite taut & drier than normal.
2,3,Amazing product,"October 11, 2020",5,Skincarejunkie · Review provided by boots.com,"This cleanser is light weight , good for your skin and for people with acne , perfect for people with sensitive skin , use twice a day for best results with a cleansing brush :)"
3,4,Makes skin feel clear and soft,"October 23, 2020",4,SAMiah · Review provided by boots.com,It’s a good product but I used another face wash to take off my makeup and use this afterwords to remove any excess and it leaves my skin so soft and clear!
4,5,Good product,"October 11, 2020",4,Buddy124 · Review provided by boots.com,Started using this and literally melts the make up off my face. Makes my skin feel really smooth after
5,6,So good!!,"October 17, 2020",5,Colette · Review provided by feelunique.com,The CeraVa is really good at cleansing makeup without stripping my skin and it leaves my skin feeling soft and moisturised.
6,7,I love it,"October 8, 2020",5,Julia · Review provided by beautyexpert.com,"Came on time, the cleanser is very good ,removes make up and leaves the skin soft , love this CeraVe product ❤️"
7,8,Cerave is the one,"October 11, 2020",4,Helena · Review provided by boots.com,"Really good at cleaning the skin after taking makeup off, I know my face is 100% clean and all make gone at the end of the day"
8,9,CeraVe Hydrating Cream-to-Foam Cleanser 236ml,"September 26, 2020",4,"""Anonymous"" · Review provided by justmylook.com",Again only started using a few days ago but like it ip to now
9,10,Very handy,"October 29, 2020",5,Cathy C. · Review provided by cloud10beauty.com,Very handy to have in the shower. Good for your second cleanse to take off makeup
10,1,Very good,"October 10, 2020",4,Molly20 · Review provided by boots.com,"Been using this over a week now, my skin has cleared and become a lot smoother I’m so happy with the results"
11,2,Amazing,"October 14, 2020",5,Alison K. · Review provided by cloud10beauty.com,"Game changer for skin care, leaves my t-zone oil free."
12,3,Un très bon savon pour peau grasse,"October 15, 2020",5,Shaloeden · Review provided by lookfantastic.fr,"J’avais pour habitude d’utiliser le Foaming cleanser, mais il asséchait la peaude mon visage, celui là en revanche la nettoie tout en l’hydratant ! Ce savon est une parfaite alternative au gel moussant de Cerave. J’ai la peau grasse mais elle ne devient pas plus grace avec le savon"
13,4,,"October 14, 2020",5,Ingrid · Review provided by powersante.com,"J'aime beaucoup ce produit, il nettoie bien tout en laissant la peau hydratée. Je l'utilise le soir pour enlever crème solaire et tous les résidus accumulés pendant la journée"
