,Word 1,Word 2,Word 3,Word 4,Word 5,Word 6,Word 7,Word 8,Word 9,Word 10,Word 11,Word 12,Word 13,Word 14,Word 15
Topic 1,skin,product,acne,use,try,cleanser,work,love,week,cerave,clear,help,gentle,foam,sensitive
Topic 2,skin,feel,clear,make,use,great,dry,wash,love,face,really,product,try,breakout,cleanser
Topic 3,recommend,clear,day,face,dry,break,week,gentle,use,acne,product,wash,try,skin,help
Topic 4,product,acne,clear,face,breakout,great,help,dry,gentle,really,day,wash,like,try,week
Topic 5,use,acne,skin,face,cleanser,wash,dry,day,clear,really,help,recommend,feel,love,cerave
