,Word 1,Word 2,Word 3,Word 4,Word 5,Word 6,Word 7,Word 8,Word 9,Word 10,Word 11,Word 12,Word 13,Word 14,Word 15
Topic 1,use,product,face,skin,bottle,buy,try,wash,week,year,purchase,time,say,notice,sensitive
Topic 2,skin,use,dry,cleanser,feel,makeup,acne,make,product,good,oily,sensitive,think,clean,great
Topic 3,skin,cleanser,face,dry,gentle,like,really,burn,foam,sensitive,say,wash,look,buy,clean
Topic 4,cleanser,product,gentle,use,fragrance,neutrogena,skin,sensitive,time,think,foam,face,make,good,buy
Topic 5,like,feel,smell,remove,product,use,eye,make,makeup,foam,scent,clean,good,cleanser,really
