,position,title,date,rating,source,content
0,1,Sticking with this,"June 21, 2020",5,Olivia · Review provided by walmart.com,"This just works for my skin, which can be oily. When the weather got warmer, I switched to the Hydroboost Foaming Gel and my skin was NOT happy. Going back to this reduced my breakouts and rebalanced my skin. I use this with the Pore Refining Toner and another, more moisturizing toner with honey from a different brand."
1,2,Clean and clear,"January 15, 2018",5,MakeupMom5 · Review provided by neutrogena.com,"Let me first State, I have extremely dry skin and winter weather is even worse and it’s a challenge for me to find products that I can use that doesn’t dry out the skin even worse. Same goes for cleanser. Which is why I’m am an absolute fan on this cleanser!"
2,3,Gentle as a baby's behind & silky smooth,"January 12, 2018",5,marisha54 · Review provided by neutrogena.com,"First of all, I am a huge fan of this brand, which is why I was super excited to try this product. I used this product several times and was very impressed by the results. One time I used it to remove my make up and another time just in shower washing my face after a long day. I tend to have super sensitive skin that turns red on many products I use, except this one!! I loved the way my skin felt when I was washing my face using this cleanser. Almost like rubbing my face with a gentle pillow or lotion. Super soft and gentle on the skin. My skin didn't feel tried out after i washed it out, if anything felt silky smooth and really clean and refreshing!! I highly recommend this product to anyone! I plan on buying more of this product once I ran out! Since using this product, I can't stop telling all my mommy friends who just had a baby. Nothing like a boost of confidence seeing clear and clean skin with no harsh odors or scents from a products."
3,4,,"August 1, 2018",5,nicole.m · Review provided by influenster.com,"Again another product that i love from Neutrogena. I have to say I was quite pleased with the price, especially for such a popular cleanser. I usually dual cleanse at the end of the day (wash with an oil based cleanser then use a regular cleanser). This is the second cleanser i use. My skin is on the dryer side, and though i feel a little dryness it's nothing compared to most cleansers I've used in the past. I've also noticed my skin is much more supple and almost has a glow to it. It contains hyaluronic acid which doesn't strip my skin of beneficial oils. From what I've read this cleanser is great for almost every skin type. It can help sensitive skin as well as blemish prone skin. I'm not a doctor or a pro but I think everyone should look into this and research the benefits."
4,5,Singlehandedly saved my skin,"January 15, 2020",5,qeryi · Review provided by ulta.com,"This was the first skincare item I ever fell in love with. I was experiencing irritation on and off with another cleanser, and started using this instead. It was so gentle, didn't dry out my skin at all, and still cleaned my skin. I didn't realize that some of my skin sensitivity was due to using a cleanser that irritated my skin slightly every single day."
5,6,,"August 8, 2019",2,erin.b · Review provided by influenster.com,"Very disappointed I didn't like this product. I absolutely love the entire Neutrogena Hydro Boost line, with the exception of this product. It claims to be a creamy cleanser best used for dry skin and melts away makeup. Definitely DOES NOT remove any makeup at all... It is a creamy formula, but you have to use half the bottle for your skin to feel clean after using. Not worth the try in my opinion."
6,7,Moisturizing Cleanser,"January 12, 2018",5,n7nickys7n10 · Review provided by neutrogena.com,"What perplexed me about this product at first was its name. Originally, I read the name too quickly and only noticed the word lotion, and assumed it was a moisturizer. Upon closer inspection I saw that it was a ""cleansing lotion"". I had never heard of this and I wondered what this gimmick was. After reading the directions I understood it to be another term for a moisturizing cleanser. Its texture is somewhat of a gel. I find it interesting that it doesn't come to a lather when I use it to clean my face. Though I'm unsure if its meant to have a fragrance, I did notice a light, pleasant scent. I like how gentle it is on my skin. I found it to be non-irritating and effective at removing makeup quickly and easily. I would definitely recommend this to anyone with dry or sensitive skin."
7,8,,"October 6, 2019",5,trixie.t · Review provided by influenster.com,"I LOVE this stuff, it goes on extremely gently and melts into the skin, there is absolutely no lather or foaming which makes this an ideal product for dry skin. This truly is a cleansing Lotion! At first I was skeptical because two pumps feel like nothing once it's worked into the skins surface but after a few uses night and day I noticed my skin looked and felt noticeably smoother with less dry patches. Highly highly recommend."
8,9,,"November 2, 2019",4,marcelina.p · Review provided by influenster.com,It’s quite hydrating and it feels gentle on your skin it didn’t irritate me at all and my skin is quite sensitive. My skin felt soft and happy afterwards. I would probably buy this again but wouldn’t have it as my only cleanser I would use it as a send cleanser if any of you do double cleansing.. I would recommend this!
9,10,Am Loving This...,"January 14, 2018",1,Kels19833 · Review provided by neutrogena.com,"My go to beauty products ALL included hylaronic acid in them. This face wash is general but effective. I love that you have the option to wash with water or just wipe with cotton pad. Been using for a week now & I definitely like that it hasn't dried my face out or broke my skin out. This seems to improve my skin. I really enjoyed testing this product which ensured me to buy a second time, beauty products are not cheap & I hate to buy things to only use a couple of times b/c it was not a good match for my skin. I typically have dryer skin in the winter months and need face products to accompany to that but seems this will be a great match for me year around. Definitely will be a future purchaser."
10,1,Love this cleanser,"March 1, 2018",5,DaniD · Review provided by ulta.com,"I bought this one day on a whim while at Ulta, mostly because I liked the packaging. I was skeptical a cleansing lotion would remove all my makeup but it did. I felt like it took a little more than a foaming/soaping cleanser would but it did not dry my face out like those others do. I also tried the Hydro Boost Cleansing gel which is different (the bottle has a white pump) and do not like it as much. It foams and I feel kinda dried out. Love this cleansing lotion lotion though and will continue to use on a daily basis. I also have typically oily skin and was hesitant about the lotion aspect but honestly my skin feels amazing and has not been as oily throughout the day."
11,2,Soft and clean skin,"December 12, 2017",5,KatyS2 · Review provided by neutrogena.com,I really like this Neutrogena Hydro Boost hydrating cleansing gel and the way that it worked really well to remove my makeup without drying my skin out. It's a very lightweight gel that makes it simple to cleanse your skin and doesn't leave greasy feeling her look on the skin itself what helps clean your pores and skin. I like the way that it also improved my dry skin and left it feeling soft and smooth with a nice healthy glow. Soap-free but still very effective at cleaning makeup and dirt off the skin. It also is simple to use by adding water and working into a lather and gently rinsing off completely. I definitely recommend it because I noticed a difference and the look and feel of my skin but worked very effectively to clean makeup and dirt off my skin but also gave it a soft hydrated feeling
12,3,,"February 13, 2019",5,zachary.h · Review provided by influenster.com,"This is an amazing gentle cleanser that gently yet effectively cleaned the skin without stripping it of moisture and leaves the skin cleanser and hydrated. I love that it’s fragrance free, oil free, and paraben free. I use it as either a gentle morning cleanser or as the first step at night for when i double cleanse. Have nothing bad to say at all and would recommend to those with either dry, sensitive, or acne prone skin types."
13,4,Switched from boscia makeup breakup to this,"May 4, 2018",5,Mandacakes · Review provided by neutrogena.com,"Ok, so here is the best way to use this lotion."
14,5,Not for Dry Skin,"March 23, 2020",2,K · Review provided by ulta.com,"This cleanser is non-foaming, and very gentle. I feel like it didn't clean my skin well enough. A side effect of this: my skin texture got rough after about a week of use. I do not recommend this product if you have dry skin that gets flaky or if you get dry spots."
15,6,,"June 13, 2019",3,joelle.v · Review provided by influenster.com,"I decided to try this product because it’s gentle enough for sensitive skin and fragrance free - both of which are things that I look for with my skin care. I’ve never tried a product from neutrogena that I did not enjoy, but the texture of this moisturizer is like a weird gel. It leaves my face feeling sticky I have not seen an improvement in the quality of my skin."
16,7,,"June 23, 2020",3,CANDACE · Review provided by walmart.com,I just received the product and have not had a chance to use it yet because I am finishing up a different face wash. My 3 star rating is because I bought a 2 pack and when they arrived I had one brand new bottle still plastice wrapped and one opened bottle with about a 2 inches of the face wash missing. I guess someone must have returned it and the company didn't want to lose a profit.
17,8,,"March 9, 2019",5,tiana.s · Review provided by influenster.com,"This is absolutely a life saver! I am recently pregnant and couldn’t use most any acne product on my skin. This cleanser was so gentle and balanced, it actually helped clear my acne simply by balancing my skins oils and dry patches. Now my skin is even toned, soft, and hydrated. Highly recommend this product!! It’s been a lifesaver!!"
18,9,Great For Combination Skin,"February 3, 2018",5,Andrea19699 · Review provided by neutrogena.com,"I love this stuff so much. I am Irish and Italian and have insanely oily skin. To top it off, my skin looked dull and even more oily after I moved from the south to the north a few months ago. When it got colder out, I started to get fine lines on my forehead"
19,10,Did not remove my makeup!,"March 17, 2020",2,Kendallashley · Review provided by neutrogena.com,"I like the way this feels on my skin. But....it does not remove my makeup at all. I find myself having to use a makeup wipe after using this product to ensure all makeup is gone. Also, I am break ik ns out in tiny pimples. This product is not for me."
20,1,Clean and Moist,"January 11, 2018",5,Teacherwoman368 · Review provided by neutrogena.com,"I didn't really have high hopes for this face wash, because I've tried many different washes that claim to be moisturizing, and they've left me high and dry (pun intended). This wash, however, exceeded my expectations. I think it might be because of the hydraluronic acid in this product. I use a moisturizer that contains it, and together, they make my face feel more moisturized than it has in ages. The lotion is light, but still does a good amount of cleansing. It makes my face feel fresh and clean, and not dry at all! It was pretty wonderful!"
21,2,I would buy this product again,"November 24, 2018",5,Beverley D · Review provided by jet.com,I have extremely dry sensitive skin. Washing with soap and water only irritates my face. I need a make-up remover and a cleanser all in one. This does the job beautifully without repeaded steps. Love the the way it leaves my skin moist and soft like no other product I have used. This is a keeper!
22,3,,"November 3, 2019",5,shelbi.p · Review provided by influenster.com,I purchased this at Ulta and it is super gentle on my extremely dry skin. I really enjoy this cleanser and I also use it as a mask sometimes when my skin just needs a drenching hydration boost. It smells good and is soothing to the skin. I love it!
23,4,,"October 24, 2019",5,Review provided by influenster.com,I love this cleansing lotion its not striping of the skin and gentle on face. This is perfect for normal to oily sensitive skin :) i would highly recommend. I’m on my first bottle but I’m loving it along with the nuetrogena alcohol free toner and the city shield water gel moisturizer :) defiantly worth the try and buy!
24,5,New staple!,"July 17, 2020",5,Nick T · Review provided by neutrogena.com,Gentle and effective cleanser. I use this cleanser as the second part of my double cleanse in the evening. Works wonderfully to remove any residue of my cleaning calm and SPF. Love that is is fragrance free.
25,6,Didn't dry out my skin,"January 13, 2018",4,Missjj1 · Review provided by neutrogena.com,"I have sensitive skin and was concerned when I first pumped it out and realized it was scented. The scent not overwhelming but is noticeable. Luckily I didn't seem to have a reaction to it, my face looked a little red but went away with in the hour. While applying it does feel like lotion, so you don't get that lather feeling. I didn't quite feel like my face was fully cleaned. It did clean it though. I was pleased that for once a cleanser didn't dry out my face. For that in it's self I was very happy. I also didn't leave my face greasy or oily. I would recommend if your like me and your skin is already dry to begin with. I do wish it was unscented though."
26,7,,"September 26, 2018",5,sasha.p · Review provided by influenster.com,Amazing!!! So the neutropenia rep came a brought us a free sample to try it out a few weeks ago nd I have to tell u I love it !!! I’m such a huge fan of the hydro boost line by them none of there product so far hasn’t disappoint . It leave you skin super soft if your one to have sensitive skin the whole line of hydro boost is awesome to use also for ppl that use tretinojn on there face at night or any acne gel or cream this is a nice gentle wash u can use because most of acne products tend to dry your skin out so anything that is hydrating will keep ur face from dryness and irritation I use the hydro post water gel and mix it with my night acne cream and literally it has made such a difference u can also mix this product as well
27,8,,"January 21, 2018",4,haley.s · Review provided by influenster.com,"This is a pretty decent mild cleanser. It is affordable, and I switch between this and my more expensive cleansers to save money. I have very sensitive skin, and it does not make me break out. I love that it’s non-Cosmogenic. I also like the smooth silky “jell- like” texture that makes washing my face Feel more luxurious. I will continue using this product for travel and a handy second clenser. I also like how mild it feels while still having the hydraulic acid."
28,9,,"April 25, 2019",5,jyoti.a · Review provided by influenster.com,In LOVEEEEEEEEEEEEEEEEEEE with this product. I bought this from a loacl drug store and it was a reasonable price. My skin is usually dry when it comes to the winter season. But htis lotion hands down keeps my skin super hydrated and young looking. The products spray form is super refreshing and quick the results also are quick!
29,10,Perfect morning gentle cleanser,"January 12, 2018",5,Tmuk155 · Review provided by neutrogena.com,"I received the hydroboost cleanser to try out. First impressions of the product was that it was easy to use and had a subtle smell to it. I am used to using lotion cleansers, but found that this cleaner did not feel drying. This was a big bonus as a person who has dry skin. Overall, I liked the cleanser and found it to be good for dry skin.I like the consistency just fine, I just wish it smelled better. No smell... kinda drab. But it works great... i use it daily in the mornings makes my skin smooth n clear."
30,1,Not for Dry Skin,"July 12, 2020",2,Dogooder · Review provided by neutrogena.com,"Hoped this would be a winner cleanser, which I can't seem to find. Not, sadly. Too drying for my dry/sensitive face. Has an odd smell despite saying it is fragrance-free. Bummer."
31,2,,"September 6, 2019",5,meg.f · Review provided by influenster.com,I use this product every single day to remove my makeup and left over foundation after I shower. It is extremely moisturizing and effective at removing anything left over and doesn’t burn if it gets near your eyes. It’s better than a makeup remover oil because it doesn’t leave your skin super tight and dry. I love this hydro boost line!
32,3,Amazing face wash!,"December 20, 2018",5,Juliet1236 · Review provided by ulta.com,"Absolutely love this face cleaner! I tried it for the first time because my skin has become very dry and flaky from the winter weather. After 3 days using this in combination with the hydro boost gel cream, my skin's texture has improved and looks hydrated. I bought two more bottles already for backup."
33,4,Amazing Cleansing Lotion,"January 11, 2018",5,souns952 · Review provided by neutrogena.com,"I would say this cleansing lotion is amazing, no strong smell, cleans well and after cleaning my face it feels clear and fresh. I really liked it because my skin feels rejuvenated and clean after using it. I have sensitive skin but this cleansing lotion helped my dry sensitive skin feel nourished. No dryness or itchy feeling afterwards. Very happy to tried Neutrogena hydro boost gentle cleansing lotion to remove dirt, oil, and makeup. Thank you @HomeTesterClub #gotitfree #Neutrogena."
34,5,Doesn't clean,"May 31, 2020",1,Conchispita · Review provided by ulta.com,I started using this during the winter two years ago and still haven't finished the bottle. My skin just doesn't feel clean after using this. There are better gentle cleansers out there and a similar price point.
35,6,Hydro Boost Gentle Cleansing Lotion,"December 15, 2017",3,Erika5 · Review provided by neutrogena.com,"I enjoyed the sample of Neutrogena Hydro Boost Gentle Cleansing Lotion that I received. I have extremely sensitive skin, so having products that are gentle and fragrance-free, etc. is absolutely crucial. Although I most likely will not purchase this after my sample bottle is gone, I would recommend it for someone that prefers this type of cleanser. It was gentle without seeing my skin out, and I have no broken out really bad since I used it. I just personally need an exfoliant when washing my face. Aside from that, I really enjoyed it!"
36,7,,"December 30, 2019",5,arianna.c · Review provided by influenster.com,"One of my favorite cleansing products, I used this to take my makeup off if I’m out of makeup remover. I use this as my first cleanser at night because it does such a good job of melting most of the dirt off my face, it has also been very helpful in clearing up my acne. I go through at least 2 a year"
37,8,,"September 19, 2018",4,rose.g · Review provided by influenster.com,"I’ve been curious about the cleansing lotion so I looked for a drugstore product and found this one. It is gentle cleaning, it does feel good on the skin, it has a great price-point, it is my first process in my night time skin care routine. I use this to break up my make up from the day and then I use my cleanser to wash my face completely. My one and only complaint about this product is that even the label says fragrance free, there is a smell to it. FOR ME, the first thought I had about the fragrance was that of when I open a jar of school acrylic paint."
38,9,Love at first use!,"February 9, 2019",5,Chels · Review provided by ulta.com,I pair this with the hydro boost gel cream and alternate with the hydro boost exfoliating cleanser. My skin has always been dry and tight. These products work great and my skin has been very soft and hydrated. It also helped with acne because it was usually worsened with dry skin.
39,10,Gentle and non-stripping,"August 21, 2019",4,yejmeister · Review provided by ulta.com,"This is a very good basic cleanser for dry skin. It is very gentle and non-stripping. It doesn't take off all the make up like its claim, but it does wonders after you remove the make up with either micellar water or cleansing balm/oil. I've used it for about a month now, and I haven't broken out."
40,1,Great for Dry Skin!,"March 16, 2019",5,Dee · Review provided by ulta.com,"Oh my goodness! I'm on my 4th bottle, this is the only cleanser that I trust for my skin type. It leaves my skin soft and is moisturizing. I love that it is, Soap-free, oil-free, paraben-free, hypoallergenic, non-comedogenic! I follow with the hydro boost exfoliator cleanser right after!"
41,2,My skin is glowing!,"January 16, 2018",5,Strideswife166 · Review provided by neutrogena.com,"I really loved the Hydro boost gentle cleansing lotion. It was very gentle on my sensitive skin. I washed my face and neck with this twice a day and noticed the dirt and black heads are disappearing. My skin feels clean and hydrated, smooth and shiny! My skin looks like it has a natural glowing to it from using this. I had quit using all other products after using this. I would definitely recommend this product and purchase again!!"
42,3,a must for dry skin,"April 18, 2019",5,kb · Review provided by ulta.com,"i use this as it is intended; as a face wash. not as a makeup remover. it does take leftover makeup off, however, if you first go in with an actual remover/micellar water. this product works wonders if you use it religiously and without drying products/ingredients (for example: alcohol)."
43,4,,"March 18, 2019",1,carlee.e · Review provided by influenster.com,"I love this line so much, but this product does not do the trick. It burns my skin so bad and I am not one to have sensitive skin. You have to use so much product to get the smallest amount of makeup of. Lastly it is very drying. Overall I would not recommend this one."
44,5,Neutrogena Hydro Boost Cleanser Review,"January 16, 2018",4,Beckie124 · Review provided by neutrogena.com,The Neutrogena® Hydro Boost Gentle Cleansing Lotion is very lightly scented. It has a smooth consistency like a lotion. It goes on smoothly on the skin. It doesn't foam but effectively cleanses the skin. I appreciate that it didn't dry up my skin but helped retain moisture. I would recommend this facial cleanser to all skin types because it cleanses well but helps keep moisture.
45,6,,"June 15, 2019",5,bree.n · Review provided by influenster.com,"This is a nice hydrating, non-foaming cleanser (which are my favorite). I wish it was a tad bit more thick though as it is a little runny. My HG cleanser has a nice jelly consistency which I think this could benefit from. Other than that, it's a great second chair to my HG cleanser."
46,7,Get the cleansing gel instead,"August 8, 2020",1,Lafenn · Review provided by ulta.com,"I bought this one by mistake. I returned it for the cleansing gel. It is very mild and no fragrance. But if you want to remove makeup, forget it."
47,8,Awesome Cleanser!,"September 8, 2018",5,Ella · Review provided by ulta.com,"I decided to try this product on a whim. I have oily, blemish-prone skin that is also very dry, so finding a cleanser can be challenging. Lucky for me, this product lives up to its claims. It is incredibly gentle but still does a great job of removing oil and makeup. Most importantly, it doesn't leave my skin feeling tight or looking flaky AT ALL. This will be my new go-to cleanser; I'm so glad I gave it a chance."
48,9,False Name/Description,"May 9, 2018",2,krystaciv · Review provided by neutrogena.com,"I bought this thinking it was a facial lotion. I had grabbed the gel cleanser and saw this next to it and figured I’d try it as well. Seeing as how it says “lotion” at the end of it, it didn’t occur to me that it was a face wash. After applying it as a lotion and noticing my skin felt tight, I read the “instructions” on the back that made it seem more like a face wash instead of a leave on lotion. I think it works okay as a face wash, however I did experience some burning on my skin. Very disappointed that it wasn’t a lotion as it appeared to me to be."
49,10,Neutrogena Hydro Boost Gentle Lotion,"December 8, 2017",5,Leebee6533 · Review provided by neutrogena.com,"Neutrogena Hydro Boost Gentle Cleansing Lotion this mild, fragrance free formula melts onto skin to instantly remove traces of dirt, oil and makeup without greasy residue. Neutrogena Hydro Boost Gentle Cleansing Lotion is gentle on your skin, but can remove dirt and makeup without doing any harm to your skin. Neutrogena Hydro Boost Gentle Cleansing Lotion has a nice smooth texture. Neutrogena Hydro Boost Gentle Cleansing Lotion is a must buy!"
50,1,,"April 19, 2018",5,haley.m · Review provided by influenster.com,"I initially bought this because I didn't like the smell of the product I was using before this, I've only used this product once I'm sold. After already using a makeup remover wipe exfoliate it took off even more dirt gunk!!! Plus it really does leave my face so insanely smooth I was shocked. Also, it left a really beautiful clean shine to my cheeks that I haven't seen since I was much younger. I can't get over how good this product really is."
51,2,Innovative skincare!,"December 11, 2017",5,Ash198310 · Review provided by neutrogena.com,"I already have the Hydra Boost Facial wash, so I was very excited to get to try this one out. Its very unique thin lotion appearance glides right into skin, cleaning away oil, dirt, and impurities your makeup can leave behind. It also leaves a light, clean smell. I highly recommend! I received this product from Nuteogena and HomeTestetClub in exchange for an honest review. All opinions are my own."
52,3,Instant Moisture,"January 27, 2018",4,LexiT6 · Review provided by neutrogena.com,"I bought and used this product when I first saw it on the shelfs, now I use it all the time! I wish the price point was a bit lower but it's a great drugstore luxury. I loved the texture of the mosturizer. It was a light gel so it felt like something that"
53,4,I would definitely buy again,"May 22, 2020",5,Jazz · Review provided by ulta.com,I bought this as an introduction to skin care for my mother. I immediately noticed a difference in her mature skin. She looks very moisturized since using this!
54,5,,"June 6, 2019",5,alexis.👑 · Review provided by influenster.com,If you have sensitive skin this product is best for you. It also doesn't leave your skin oily and makes it feel so smooth. I don't use it daily as it is a type of moisturizer and my face isn't always dry unless its during the winter time. I just wish it came in a more bigger bottle for the kind of price it is.
55,6,,"February 3, 2018",4,melissa.f · Review provided by influenster.com,If you’re one of those who wear makeup 25/8 like me then this product is for you! The gel turns into foam which is great for those who want a “deep” cleanse. Depending on the weather this product can be a little drying to the skin so it would be best to go in after with a water/ oil base moisturizer (depending on the skin type) but I do feel like it gives my face a little extra boost in the morning. This product is non comedogenic (which simply means that is does not clogs pores) which is a huge plus for me!
56,7,Best Lotion cleanser thus far!!!!,"March 15, 2018",5,Bluegirl18 · Review provided by neutrogena.com,"I love this product!!! I work at a dermatologist office and we highly suggest that our patient's . I just finished a bottle of the Hydro Boost gel and although it works just as well, I find the lotion cleanser to be more hydrating. I only tried the gel due to have oily skin however the lotion seems to suit me best. I will be purchasing this product going forward and will continue to tell my patient's to do the same."
57,8,Love it!,"January 15, 2018",4,PennyLane6 · Review provided by neutrogena.com,"I really liked it! It's very light and fresh. I've never used a cleanser like this, and I'm really impressed! There was no irritation or excessive drying out of my skin. It's a very refreshing cleanser that works great! Easy on my sensitive skin. I paired it with the matching moisturizer and it's an absolutely perfect combination."
58,9,Good oil free cleanser,"August 3, 2020",4,Sheryl · Review provided by walmart.com,This is a nice cleanser and I use it because it doesnt dry my skin and doesnt have oil before suing my Nuface toning device. It does leave a bit of some sort of film on my face though similar to cetaphil.
59,10,,"October 3, 2019",5,taty.👑 · Review provided by influenster.com,"My mom gave this to me because she doesn't wear makeup. Both gentle and effective at removing makeup, isn't irritating around the eyes. Leaves skin feeling super soft and hydrated, not dry or stripped at all. Has a very subtle scent that I can't quite name but I don't care for much."
60,1,Great cleanser,"January 11, 2018",1,Hope886 · Review provided by neutrogena.com,"This is such a great cleanser. I love that it's a lotion. It doesn't get runny and get in your eyes. It says it doesn't have a smell but it does have slight scent. I have sensitive skin and this didn't bother me at all. It didn't leave my face feeling tight like some other face washes I've used either. Overall, wonderful product."
61,2,Made me breakout,"October 2, 2018",1,Abigail · Review provided by neutrogena.com,I have used this several times and each time it causes little pimples the next morning. No chance at this point it is anything other than this stuff. Really disappointing because I like it otherwise. The gel version of this didn't cause any problems but wanted to like the formula because of the extra moisturization.
62,3,,"January 25, 2018",5,brittany.w · Review provided by influenster.com,Been so eager to try this stuff I kept walking passed it everytime but now that I have my hands on it. What more hydrating could my skin get. This winter an every winter my skin is super dry *yuck but with the lotion I have been loving it. Says for sensitive skin which is a plus! Couldn't be anymore happier. Neutrogena® Hydro Boost Gentle Cleansing Lotion 5.5 fl. oz. Bottle
63,4,So So,"February 12, 2018",2,ColdPiece8 · Review provided by neutrogena.com,I found this product to be so so. Cleans your face but doesn’t get deep down pore dirt. I wasn’t real impressed with this product considering I’ve used other products from this company that I still buy and use regularly but this will not be one of them.
64,5,,"May 10, 2019",5,jayna.g · Review provided by influenster.com,This baby stays in the shower!! Very smooth very gentle with your skin. It doesn’t leave it dry or oily. Is a perfect between them two. Not good at removing mascara but hey it wasn’t made for that! If worth the money.
65,6,,"April 23, 2019",5,erin.d · Review provided by influenster.com,Just bought this today after wanting it for months. Went into the store not expecting to get this but ended up getting it and I am super happy I did. This is a lot better than my last cleanser that I had. Takes off all my makeup and leave my skin feeling clean and refreshed.
66,7,,"March 4, 2019",5,ellen.e · Review provided by influenster.com,I recently starting using this product and I couldn't be happier with the results. I like that it can be applied to wet or dry skin and immediately leaves my skin super soft after just 1 use. It is relatively inexpensive as compared to other cleanser and can be found at most drugstores or discount stores.
67,8,,"March 8, 2019",2,lu.h · Review provided by influenster.com,"It’s gentle and it’s nice that it is fragrance-free, but because it doesn’t foam up it doesn’t really cleanse. I’m a one-step cleanser gal - I want my cleanser to do it all (Fresh’s Soy Cleanser, La Roche Pousay’s Effaclar, Acure Brilliantly Brightening,etc), and there are a lot of ones that will. This one was a pass for me."
68,9,Nope,"December 6, 2018",1,Wintyfresh · Review provided by neutrogena.com,I just used this and it took off barely any makeup I had to use it multiple times and now my skin is dry and burning and I don’t have sensitive skin. Very disappointed. Doesn’t do either of the things it says it does- moisturizes and removes makeup. Returning.
69,10,,"February 13, 2018",5,lisa.c · Review provided by influenster.com,I officially found my go-to trusty cleanser when I found this line of products. I use to have horrible dry skin problems. no matter how much I moisturized I still had flaky skin on my face. Ever since I began using this line of products I instantly notice how soft and supple my skin is. I never have flakiness anymore. It is AMAZING how much hyaluronic acid has changed my life.
70,1,a must for dry skin,"April 18, 2019",5,kb · Review provided by ulta.com,"i use this as it is intended; as a face wash. not as a makeup remover. it does take leftover makeup off, however, if you first go in with an actual remover/micellar water. this product works wonders if you use it religiously and without drying products/ingredients (for example: alcohol)."
71,2,,"March 18, 2019",1,carlee.e · Review provided by influenster.com,"I love this line so much, but this product does not do the trick. It burns my skin so bad and I am not one to have sensitive skin. You have to use so much product to get the smallest amount of makeup of. Lastly it is very drying. Overall I would not recommend this one."
72,3,Neutrogena Hydro Boost Cleanser Review,"January 16, 2018",4,Beckie124 · Review provided by neutrogena.com,The Neutrogena® Hydro Boost Gentle Cleansing Lotion is very lightly scented. It has a smooth consistency like a lotion. It goes on smoothly on the skin. It doesn't foam but effectively cleanses the skin. I appreciate that it didn't dry up my skin but helped retain moisture. I would recommend this facial cleanser to all skin types because it cleanses well but helps keep moisture.
73,4,,"June 15, 2019",5,bree.n · Review provided by influenster.com,"This is a nice hydrating, non-foaming cleanser (which are my favorite). I wish it was a tad bit more thick though as it is a little runny. My HG cleanser has a nice jelly consistency which I think this could benefit from. Other than that, it's a great second chair to my HG cleanser."
74,5,Get the cleansing gel instead,"August 8, 2020",1,Lafenn · Review provided by ulta.com,"I bought this one by mistake. I returned it for the cleansing gel. It is very mild and no fragrance. But if you want to remove makeup, forget it."
75,6,Awesome Cleanser!,"September 8, 2018",5,Ella · Review provided by ulta.com,"I decided to try this product on a whim. I have oily, blemish-prone skin that is also very dry, so finding a cleanser can be challenging. Lucky for me, this product lives up to its claims. It is incredibly gentle but still does a great job of removing oil and makeup. Most importantly, it doesn't leave my skin feeling tight or looking flaky AT ALL. This will be my new go-to cleanser; I'm so glad I gave it a chance."
76,7,False Name/Description,"May 9, 2018",2,krystaciv · Review provided by neutrogena.com,"I bought this thinking it was a facial lotion. I had grabbed the gel cleanser and saw this next to it and figured I’d try it as well. Seeing as how it says “lotion” at the end of it, it didn’t occur to me that it was a face wash. After applying it as a lotion and noticing my skin felt tight, I read the “instructions” on the back that made it seem more like a face wash instead of a leave on lotion. I think it works okay as a face wash, however I did experience some burning on my skin. Very disappointed that it wasn’t a lotion as it appeared to me to be."
77,8,Neutrogena Hydro Boost Gentle Lotion,"December 8, 2017",5,Leebee6533 · Review provided by neutrogena.com,"Neutrogena Hydro Boost Gentle Cleansing Lotion this mild, fragrance free formula melts onto skin to instantly remove traces of dirt, oil and makeup without greasy residue. Neutrogena Hydro Boost Gentle Cleansing Lotion is gentle on your skin, but can remove dirt and makeup without doing any harm to your skin. Neutrogena Hydro Boost Gentle Cleansing Lotion has a nice smooth texture. Neutrogena Hydro Boost Gentle Cleansing Lotion is a must buy!"
78,9,,"April 19, 2018",5,haley.m · Review provided by influenster.com,"I initially bought this because I didn't like the smell of the product I was using before this, I've only used this product once I'm sold. After already using a makeup remover wipe exfoliate it took off even more dirt gunk!!! Plus it really does leave my face so insanely smooth I was shocked. Also, it left a really beautiful clean shine to my cheeks that I haven't seen since I was much younger. I can't get over how good this product really is."
79,10,,"January 12, 2020",1,claudia.m · Review provided by influenster.com,The worst cleansing lotion I've ever used. It doesn’t remove any makeup and it’s expensive. I don’t recommend this product! Only the package is nice the rest terrible.
80,1,best cleaner,"March 14, 2019",5,Juliet1236 · Review provided by ulta.com,This is my favorite cleanser to use on a daily basis. I have sensitive skin and it does not irritate or breakout my skin. Love the silky texture of this cleansing lotion and how my skin feels after each use.
81,2,Gentle Lightweight Hydration,"January 19, 2018",4,clcm403 · Review provided by neutrogena.com,"Gentle, yet effective. Face is left feeling clean, supple, and hydrated. Neutrogena HydroBoost cleansing lotion is a lightweight gel, effective at removing makeup and leaving skin locked in with moisture, from hyaluronic acid. I would recommend this formula to those with acne prone and sensitive skin."
82,3,,"October 25, 2019",4,Review provided by influenster.com,I used this for a couple years and it’s pretty good. I have dry skin so it wasn’t stripping on my skin. Now I use simple facial cleanser they are basically the same but the one I use now does not have acidic ingredients.
83,4,Buy ASAP!,"July 31, 2020",5,Review provided by neutrogena.com,"I wasn’t too sure about this one. But once I tried it, it was amazing! One pump to every bit of my make up off! And left my skin hydrated and so soft!"
84,5,Cleans very well!,"January 11, 2018",5,Angeleyes7495 · Review provided by neutrogena.com,"I really like this cleansing lotion. My face is very sensitive and turns red from just washing it so I have to be choosy with facial care. This cleansing lotion was definately perfect, with it being creamy and silky when I put it on. It cleaned very well considering ,rinsed off easily, and and was gentle enough for me to use every-day of the week."
85,6,The best cleanser I have ever had,"December 11, 2017",5,MamaCupcake43 · Review provided by neutrogena.com,"I honestly wasn't so sure if this Hydro Boost cleansing gel was going to work but I was trully wrong. I absolutely love this product, it felt so good putting it on and after rinsing it made my face feel super clean and extra soft. I definitely recommend this I now add it to my every day routine. Thank you so much!"
86,7,,"February 23, 2018",5,allison.f · Review provided by influenster.com,This product is really great for a hydrating cleanser. I love using a gel cleanser on my oily skin and this product never diassapoints. I just don’t use it everyday because it doesn’t help with breakouts or redness/texture. If you have dry skin or just love a good cleanser I’d highly recommend this.
87,8,,"February 28, 2018",5,aimee.d · Review provided by influenster.com,"I love this cleanser! Neutrogena’s Hydro Boost line is amazing especially this cleanser. I purchased it at Walmart and the price is great, not expensive at all. It’s very gentle on the skin and smells amazing. I highly recommend this for anyone especially people with dry skin!"
88,9,,"December 30, 2017",3,virginia.c · Review provided by influenster.com,"I just started to use this so it's a little too soon to tell. I have very dry skin which is why I chose this cleanser. I used this with my clarasonic, which it did feel really good on my skin. I was using the clarasonic cleanser that came with it but this actually felt better on my skin and smelled really good. Hopefully it will help my dry skin."
89,10,,"October 13, 2018",5,erin.h · Review provided by influenster.com,I just finished going through an entire bottle of this and I really enjoyed it! It is not harsh like other cleansers I’ve used in the past but it feels like it cleans my skin thoroughly. I also like that this does not dry my skin out but instead hydrates it. I will definitely be repurchasing.
90,1,,"March 5, 2018",5,christina.e · Review provided by influenster.com,"I have severe oily and acne prone skin, and I use this cleanser on days I'm not exfoliating my skin. Doesn't leave my face dry but doesn't make it oily either. It's the perfect balance. Smell is a little weird but I'm not bothered by it. It's very gentle. Definitely recommend."
91,2,,"January 22, 2019",5,c.b · Review provided by influenster.com,"I really like this cleanser for my dry skin. Even though it is very gentle, I always feel like my face is clean after using it. I also enjoy that it is for sensitive skin because it doesn’t make me break out, like many cleansers do."
92,3,Skin feel like it can breathe again.,"January 11, 2018",5,Sapna3 · Review provided by neutrogena.com,I like this product as it cleans my skin of residue dirt and makeup leaving my skin feeling soft. I like that it does not irritate my skin unlike other brands I have tried. I use it everyday for night time routine skin clean up. The texture is very light and does not make my skin feel greasy and heavy.
93,4,WOW Amazing,"December 11, 2017",5,Karen1239 · Review provided by neutrogena.com,"This mild fragrance free formula melts into skin to remove traces of dirt, oil and makeup without greasy residue. With hyaluronic acid, the formula is clinically proven to increase skin's hydration level and lock it in, leaving skin clean, soft, and touchably supple, every time you cleanse. The Neutrogena Hydro Boost Gentle Cleansing Lotion has many benefits."
94,5,Very gentle,"June 18, 2020",5,Teresa W · Review provided by neutrogena.com,Very mild and gentle cleanser. Does not make foam or suds at all. Just a nice clean glide over your face and rinses off easily.
95,6,,"February 22, 2018",5,hannah.g · Review provided by influenster.com,"I bought this at Ulta, and I absolutely love it. It was a good price for how much product you get. This formula doesn’t froth, so if you’re into that it isn’t for you. It cleaned my face gently and thoroughly and left my face feeling hydrated and soft. I definitely recommend this if you have dry skin!"
96,7,Perfect for Nighttime Cleansing,"January 23, 2018",4,clarasbows895 · Review provided by neutrogena.com,"I love the Neutrogena brand, so I was really excited to test out a new product! Overall, I liked it quite a lot. I used it primarily in the shower as part of my nighttime routine. I liked most how non-drying it was, as I don't usually like to moisturize at night due to tiredness and wanting to avoid acne."
97,8,Great All-Around Facial Cleanser,"December 14, 2017",5,MaryJoB023 · Review provided by neutrogena.com,"Great product. Cleans well with light suds, rinses easily and leaves skin comfortable and soft. Nice packaging with a dispenser pump - and a little goes a long way - this is an economical face cleanser. Good ingredients, no perfume. And a beautiful blue color..."
98,9,,"February 10, 2019",5,audrey.j · Review provided by influenster.com,My skin recently switched from oily to dry and it is very sensitive - this is the only product that I have found that I can use every day and it doesn’t burn or flake off or dry me out even more. It is gentle and effective and leaves my skin feeling smooth. 10/10 recommend.
99,10,Great cleanser from Neutrogena!,"December 9, 2017",4,TinaS9 · Review provided by neutrogena.com,The overall appearance of the product is great and also appealing to consumers. I have sensitive skin and this isnt harsh or over-drying. It also doesnt burn or irratate like other cleaners I've tried in the last. I would purchase this and reccommend to my friends and family.
100,1,Very Hydrating!,"December 13, 2017",5,acable116 · Review provided by neutrogena.com,"I have really dry skin and when I typically use a face wash, it makes my face drier and causes irritation. I have used this product for the past 4 days and it is amazing!!! My face feels fresh and it actually replenishes moisture. I hightly recommend this for anyone, whether you have dry skin or not!"
101,2,,"February 13, 2018",5,courtney.l · Review provided by influenster.com,"I really like this gel cleanser. It cleans without stripping my skin and makes my skin feel soft. Didn't break me out or irritate at all. I usually don't love Neutrogena products, but I'm out of my current bottle and ready to buy another and maybe even try some other items in the hydroboost line."
102,3,Hydro Boost My Face!,"January 18, 2018",5,Redrose38 · Review provided by neutrogena.com,I love the clean feeling neutrogen Lotion has brought to my face! It removes the unwanted dirt but at the same time makes my face soft! This lotion feels nice and smooth on my face. It is not soapy at all. I highly recommend this product with people with sensitive skin!
103,4,Amazing facial cleanser!,"April 13, 2018",5,Bittersweet78 · Review provided by neutrogena.com,"Oh, I love this facial cleanser! It is a very gentle, hydrating cleanser that is perfect for my dry, sensitive skin. I absolutely love that it is fragrance-free because I can only use fragrance-free products on my skin. I would give this a 10-star rating!"
104,5,Amazing!!,"April 3, 2018",5,Lissie · Review provided by ulta.com,I bought this on a whim one day because I was looking for a new cleansing oil and they didn't have any. I have combination skin that leans more towards the dry side and this is great! I feel clean but super hydrated. My oily T-zone doesn't get oily after this either so I think it's a great product I will be buying again.
105,6,,"July 5, 2019",5,hebba.y · Review provided by influenster.com,i am in love with this cleaser .. i used it for 1 month and i can say that it's perfect for dry skin it make my skin so clean and Smooth i try many product leaves my skin so dry and pale but this product is so gentle i hope it have toner but its not a big problem for this perfect product
106,7,Highly Recommended,"March 12, 2020",5,Angelina · Review provided by ulta.com,"This Facial Cleanser is so gentle, I purchased because I have pretty sensitive skin (mostly around my eyes) and this is the first facial cleanser that doesn't burn or cause redness around my eyes or anywhere on my face I've been using for 9 days and already see a difference"
107,8,,"February 1, 2018",4,thel.g · Review provided by influenster.com,"Love this cleanser! In my current regimen, I only use foaming cleanser every other day (cream cleansers all other times) and this one is a staple. Cleansing, refreshing and non drying. It does a fabulous job of removing my makeup while keeping my skin moisturized."
108,9,,"August 5, 2019",4,ederlis.c · Review provided by influenster.com,This is for sure one of my favourite cleansers ever. I used every night when removing my makeup after the wipes since in the morning micellar water is all use. Very gentle and my skin doesn’t feel dry after !
109,10,Very happy,"January 17, 2018",4,Mamaput7 · Review provided by neutrogena.com,"This stuff is awesome! The Neutrogena Hydro Boost Gentle Cleansing Lotion, is gentle just like it implies. I myself have a sensitive face and usually can't apply anything around my lips, chin or nose, but with this i had no problem, and it's awesome. I will be buying this."
110,1,,"June 13, 2018",5,sydney.t · Review provided by influenster.com,"I use this every night to remove my makeup. The bottle has lasted me months whereas Neutrogena make wipes only last me 25 uses unless I reuse them. I also have really sensitive and oily skin, and this has not dried out my skin or broken it out. I love this product and will buy it again!"
111,2,,"May 5, 2019",5,taylor.s · Review provided by influenster.com,Hands down the best face wash from the drug store! Especially for people with combo/dry skin! It took me awhile to actually purchase this but now I wonder why I waited so long!! It also smells amazing.
112,3,,"March 5, 2019",5,bradi.s · Review provided by influenster.com,Was looking for something that I can use in place of face wipes. I love the entire line of Neutrogena Hydro Boost line. This met everything I was looking for. Melted my makeup away and then simply wipe off.
113,4,Clean and fresh,"December 12, 2017",5,Vickyj854 · Review provided by neutrogena.com,I really love the bottle and design. You can see the product inside and it just looks high quality! It feels smooth and refreshing on the skin and makes my face feel instantly clean. I have sensitive skin and this gave me no problems. I will be buying this again soon
114,5,Love this cleanser,"July 20, 2018",5,Karenv · Review provided by neutrogena.com,This is a gentle cleanser which doesn’t sting or dry my skin out unlike most cleansers. The gentle type of this is fragrance free which is a plus for me. I love this line. I’m getting ready to start on my second bottle. Is worth your try.
115,6,,"March 8, 2018",5,marissa.t · Review provided by influenster.com,This is my favorite face cleanser. It will get all the stubborn makeup that wouldn’t come off with remover and a little will definitely go a long way. It’s very affordable and my skin feels so much better every time I use this product. I’ll definitely buy again!
116,7,,"March 6, 2019",5,liza.f · Review provided by influenster.com,I will never use anything else ever! This cleaner has improved my dry skin drastically! I have even got my daughter using it now!Neutrogena Hydroboost Hydrating Cleansing Gel 6Oz
117,8,Best cleanser I have ever used!,"June 20, 2018",5,Jen JoJay · Review provided by neutrogena.com,"I have had this for a few weeks now, and I can say this is the best cleanser I have ever used for my sensitive skin. It is the first ""sensitive skin"" cleanser that doesn't sting the skin around my eyes, doesn't break out my skin, and leaves my skin feeling soft and conditioned, but completely clean. I just love it!"
118,9,,"December 1, 2018",4,valdya.b · Review provided by influenster.com,I bumped one star because I think it doesn’t melt make up and clean my face as good as the other one. So I keep it in my shower only to wash my face in the morning. It’s good but I’ll probably not gonna buy again and stick with the original one.
119,10,Perfect for Winter Weather,"January 11, 2018",4,lcollins10 · Review provided by neutrogena.com,"During the winter, my face tends to get really dry, especially around my nose. I found that this lotion helped to combat the dryness without causing my skin to appear oily or breakout. This lightweight formula worked for me! Even my husband tried it and liked the results!"
120,1,My skin is so soft and hydrated,"May 14, 2020",5,Kdimmett · Review provided by neutrogena.com,I have literally only been using this product for about a week and I absolutely love how it feels on my skin and I have super sensitive skin and my skin loves it so that’s awesome because it has been a struggle to find something that didn’t Irritate my skin rather than help it
121,2,My now go-to facial wash..,"August 16, 2018",5,Lori · Review provided by ulta.com,"Getting older has it's perks - and it's downfall, at 42, my skin is super dry and sensitive. Almost everything dries out my skin ( except cleansing lotions which break me out) but this has been non-drying, and actually feels great afterwards - no tight, dry or burning skin. Hope they keep this around for awhile..."
122,3,Great Cleanser,"December 8, 2017",5,Reviewer504 · Review provided by neutrogena.com,This is a great effective facial cleanser. May face feels clean but not dry after using this. I like that it’s fragrance free and non irritating. This works very well at removing my makeup at the end of the day. Overall great product!
123,4,,"April 23, 2019",5,stephanie.p · Review provided by influenster.com,This is great cleanser for dry and sensitive skin. It is nice and gentle while removing all makeup. It has a great lotion texture that does not lather so it does not dry the skin.
124,5,,"March 4, 2018",5,Review provided by influenster.com,I love this stuff. It lathers so nicely. One pump is all you need. It leaves my skin feeling so soft and clean without any tightening or drying. The smell is also great. I highly recommend this face wash.
125,6,,"November 28, 2018",5,julia.f · Review provided by influenster.com,My day to day winter time face cleanser. My skin gets super dry during the winter and most cleansers do not get my face hydrated. After using this product one time it received a permanent place in my shower to use all the time.
126,7,Amazing cleansing lotion,"January 18, 2018",5,Mamakijaangugu8 · Review provided by neutrogena.com,"The Neutrogena Hydro boost gentle cleansing lotion is very gentle on the skin. It cleanses the skin. It does not make my skin dry. I feel my skin becomes more soft, clean and smooth after each use. Definitely recommend it"
127,8,The cleaning machine,"December 12, 2017",5,bokononist8 · Review provided by neutrogena.com,"This product is definitely going to be replacing my current facial wash! It has a wonderful, light scent that did not irritate my skin one bit. Instead, it applied very smoothly and left my skin feeling soft and, most importantly, extraordinarily clean!"
128,9,Perfect hydrating cleanser,"December 12, 2017",5,Cclo9910 · Review provided by neutrogena.com,"I love Neutrogena Hydro Boost Gentle Cleansing Lotion! I am sensitive to fragrances, so I like that it’s fragrance-free. It really cleanses my face while leaving it hydrated. I would recommend to anyone looking for a gentle, hydrating cleanser."
129,10,,"February 27, 2018",5,angie.s · Review provided by influenster.com,"I purchase this in the “gel” formula and I love it. It smells great, works effectively at removing all of my makeup and has helped keep my skin looking great. You don’t need a lot of the cleanser, and it seems to be lasting a long time. Will be purchased again, and again. Love it!!"
130,1,Neutrogena Hydro Boost Gentle Cleansing Lotion,"April 8, 2018",5,GreatCleanser1 · Review provided by neutrogena.com,I love this cleansing lotion because it is mild and fragrance free. It removes my makeup and leaves my skin moisturized and fresh feeling. I would highly recommend you try Neutrogena Hydro Boost Gentle Cleansing Lotion because it works!
131,2,,"December 18, 2019",1,andrea.r · Review provided by influenster.com,I’ve seen the best reviews in this product but this also is not for my skin type! Sadly! I have very dry and sent I’ve skin and this product caused a lot of acne in chin area.
132,3,,"January 19, 2019",5,skyler.p · Review provided by influenster.com,"I have used many Neutrogena cleansers in the past and this is by far my favorite! Especially in the wonder, it keeps my skin hydrated and smooth. It removes all makeup and dirt."
133,4,Gentle and Cleanse Great,"January 16, 2018",5,rrr7525210 · Review provided by neutrogena.com,"I have used the Neutrogena Hydro Boost Gentle Cleansing Lotion when washing my face it has removed my makeup off my face and do not leave any residue from the makeup or products. Instead my face feel really nice and clean with only one wash which is impressive to me, out of habit I still wash twice and because also it has a nice smell, overall this is a good cleansing product for my skin and I love it."
134,5,Hello new friend!,"January 12, 2018",4,Amy3336 · Review provided by neutrogena.com,Great product! Washes my face without the hassle. Goes on just like a thin lotion. Goodbye stinging eyes! Goodbye soapy residue! Hello Hydro Boost Gentle Cleansing Lotion!
135,6,Awesome!,"January 27, 2018",5,zen4life1 · Review provided by neutrogena.com,Very gentle on my skin and I'm Oily/Dry/Normal depending on the weather.This cleanser cleans without stripping. Foams but not over foamy. I love it! My face feels super clean afterward! I use it with my Clarisonic and absolutely love it!
136,7,,"January 21, 2019",5,spacie.m · Review provided by influenster.com,"This is the coolest product I've ever used! On super lazy days I can run this all over and just massage my face. Then wipe clean with a wet towel. No sink, no problem!"
137,8,Very nice,"December 14, 2017",5,darktink37510 · Review provided by neutrogena.com,"After trying this cleansing lotion i am so super excited with the outcome! I have sensitive skin so having found something that is gentle on my skin yet also effective is really nice. The smell is amazing, not too over powerful and it leaves a nice soft feel on the skin."
138,9,,"February 1, 2018",4,robyn.d · Review provided by influenster.com,"I love this wash. Long lasting, not overtly drying over long term use. Especially since I stepped up my Moisture game. Has Hylaronic Acid, an ingredient so amazing it is naturally occurring in our body. Easy to find."
139,10,Nice and gentle,"January 19, 2018",3,Aldana142 · Review provided by neutrogena.com,I like that it's gentle and soft on the skin. I will probably continue to use it to remove makeup but not necessarily waterproof makeup and I do like that it doenst irritate my eyes I wish they make these into wipes maybe it will exfoliate a little more? Really am enjoying the product
140,1,awesome cleanser!,"May 7, 2020",5,stargirl1957 · Review provided by ebay.com,love this product! use it daily. Super for sensitive skin or rosacea!
141,2,Amazing- Works great!,"January 17, 2018",5,Trishytrix10 · Review provided by neutrogena.com,Neutrogena® Hydro Boost Gentle Cleansing Lotion is Amazing! My skin has never looked better. It made my skin so soft and so smooth. The smel was great and refreshing. I use this everyday now
142,3,Deep cleaned but gentle,"April 10, 2018",5,Angie06127 · Review provided by neutrogena.com,"This is a mild, fragrance free formula that feels like it melts onto skin to instantly remove traces of dirt, oil and makeup without greasy residue. It has hyaluronic acid which is a formula which increases skin’s hydration level and lock it in and leaving"
143,4,Hydro Boost,"July 12, 2018",4,Protonix568210 · Review provided by neutrogena.com,"I was not able to sample this, However, I have purchased this in the winter months because my skin became very dry from Eczema. It works very well on my skin and I love it alot! However, in the summer I stopped using it because my skin became oily and"
144,5,,"May 2, 2018",4,gavin.r · Review provided by influenster.com,I love the fact that this cleanser is part of the Hydro Boost family. I simply can’t live without my water gel moisturizer. I also like that you can you use it with a wet or dry face. I’m still trying to find different results other than hydration boosts.
145,6,,"December 14, 2018",3,elyse.m · Review provided by influenster.com,"This product is just fine. I don’t feel like it does much go actually get my skin clean. However, it does its job of not being too harsh or drying. Probably won’t rebuy."
146,7,Hydro Boost Gentle Cleansing Lotion,"January 12, 2018",5,MysticLeo5 · Review provided by neutrogena.com,"I love this product, it is very different from other facial cleaner lotion that you have to use water. This facial lotion gives you the choice to use it on a wet or dry. Leaving your face feeling clean without a greasy residue."
147,8,Neutrogena Hydra Boost Gentle Cleansing lotion,"July 16, 2018",5,Saylem87071410 · Review provided by neutrogena.com,"This product is seriously a life saver! My skin has its days were it is overly oily one day or some serious pop up pimples over night. I love this it gets the job done and leaves me feeling soft,clean and refreshed"
148,9,,"November 26, 2017",4,megan.f · Review provided by influenster.com,"Really like how gentle this, and how it doesn’t make to a big lather of bubbles. The product smells great and is affordable. My skin felt soft and clean afterwards without feeling to dry or tight. Would recommend!"
149,10,,"April 2, 2018",5,jodie.p · Review provided by influenster.com,Amazing product that is very water based so really helped with my dry skin and overall complexion. It is such a low price and is usually on offer so I would highly recommend as it is also very easy to use and travel with. Really enjoyed this product!
150,1,"Nice, and soft.","January 11, 2018",4,Lilmunky2 · Review provided by neutrogena.com,This was better then most facial cleaners I have tried. It didn't dry my skin out and left it feeling smooth and soft. The smell was nice as well. I really enjoyed this product and will more then likely buy it for myself .
151,2,Neither here nor there,"September 13, 2020",3,S · Review provided by walmart.com,"Neutral about this. I don't dislike it, but I don't particularly like it either. Just meh."
152,3,Highly suggest,"December 8, 2017",5,Steelersgirl1 · Review provided by neutrogena.com,It left my skin feeling amazing and more clean and refreshed than it ever has. Its easy to use and put into your daily routine. Its also safe for sensitive skin witch alot of otger products make me break out this has not done that and it makes me love it even more.
153,4,,"October 17, 2017",4,eve.d · Review provided by influenster.com,This is an affordable everyday face wash that’s kind to the skin. I never have any irritation or dryness from it. I don’t notice it being hydrating either but it removes Makeup well and is great for the desert climate. No irritants that I can see or feel.
154,5,A light scent,"December 14, 2017",4,Brenic7 · Review provided by neutrogena.com,This product is very gentle on my skin. It doesn't leave my skin feeling dry afterward. I love that it has a very light scent. It is also great that this comes with a pump so you can control how much product you get.
155,6,Great product,"March 29, 2018",5,Karen Janet · Review provided by ulta.com,"I love this product. It work great in my skin. Take away all of my makeup, my face feels clean and not dry. I try the other one, the cleansing gel and that one dry my skin so much, personally I love this one much better."
156,7,Refreshed and Hydrated,"January 11, 2018",5,oliviasmommy142 · Review provided by neutrogena.com,"I never heard of this before trying it. It feels SO good on my skin. I love the scent, it is so refreshing! It left my skin feeling so hydrated. A must have! I LOVE IT!"
157,8,,"January 15, 2018",5,violet.l · Review provided by influenster.com,I recently purchased this face wash and really enjoy it! I needed something that wasn’t going to strip and dry my face out during these cold winter months and this product has been awesome!! It leaves my skin feeling clean without drying it out.
158,9,Great cleanser for sensitive skin!,"August 20, 2020",5,Sharon · Review provided by walmart.com,Best cleanser for sensitive skin...it seems to be one of the few that will not irritate my face!
159,10,,"December 17, 2017",5,amy.e · Review provided by influenster.com,"I like this product, Its easy to use and it make the skin feel very soft. It's also good to use as a face mask, Yes it's what I expected it really works you use it for 15-20 minutes on face.Yes comes in nice pacaking. Yes I would higly recommend this product to alot of people."
160,1,,"April 30, 2019",4,c.h · Review provided by influenster.com,I really love this product it’s not too dry it lathers really well I bought a couple days ago and I loved it so far is definitely replace one of my more expensive moisturizing face lotions which I like and it’s not to dry and looks for the other Neutrogena products so I would deathly recommend it it’s a great price point
161,2,,"February 22, 2018",2,Review provided by influenster.com,I purchased this product when my skin used to be really dry because of a pill i took that was medicating my acne. I hoped it would help my skin to stay hydrated and to fight the matter of fact that my skin was basically falling of at one point. But I have to say it didn’t help me with my problem a lot and i had to find another product to cure my bad skin conditions:/
162,3,,"December 19, 2018",5,shaz.w · Review provided by influenster.com,I purchased the Hydro Boost cleanser to compliment the moisturizing gel. My skin was dry and flaky before. I love the results this line has given my skin.
163,4,,"December 28, 2018",5,aurora.d · Review provided by influenster.com,"Hands down favorite cleanser i own. So easy to use. Melts off my makeup, is hydrating, makes my skin feel fantastic i will continue to buy this."
164,5,Soothing cleanser,"December 15, 2017",5,MichyT5 · Review provided by neutrogena.com,"This cleanser has more of a gel consistency that's very gentle on the skin and it does foam up (I would not describe it as ""lotion""). I use this with a cleansing device and really like it! It does a good job cleaning and does not dry out the skin."
165,6,Great Cleanser to use with Nuface Microcurrent Device,"December 10, 2019",5,Momma Jo · Review provided by ulta.com,This is a non-oily cleanser that is great to use before using my NuFace.
166,7,"Really good, thank you!","May 29, 2018",5,lab963 · Review provided by ebay.com,"Great product for dry skin, very gentle. You can actually just wipe this off with a cotton ball.. no need to used water if your face is extra sensitive to drying. I recommend."
167,8,A great cleansing lotion,"December 10, 2017",5,forsurveyonly2 · Review provided by neutrogena.com,"I received the NEUTROGENA HYDRO BOOST GENTLE CLEANSING LOTION from the Home Tester Community and used it. it has a great smell and a great cleansing lotion, which cleanses as well as softens my skin. A great product for sure."
168,9,Hydro Boost is such a great cleanser,"December 15, 2017",5,Samommy8 · Review provided by neutrogena.com,Neutrogena Hydro Boost left my face feeling clean and soft. It has a very pleasant smell to it as well. I love that it has Hyaluronic Acid in it! Definitely a must buy!
169,10,Great cleansing lotion!,"January 12, 2018",5,tiffanyb914 · Review provided by neutrogena.com,This cleansing lotion is awesome. The amount of dirt that came off of my face after work was shocking. My face didn’t feel greasy or dry afterwards. I recommend this product.
170,1,Super moisturizing and refreshing,"January 12, 2018",4,Jennifer92444 · Review provided by neutrogena.com,Great textured lotion and is super moisturizing. I love the way it feels on my skin and doesn't feel sticky or thick. Has a nice light scent to it and I like the pump container.
171,2,,"March 7, 2018",2,megan.k · Review provided by influenster.com,"I love the moisturizer that is in this same line, but this cleanser broke me out. I have dry, sensitive skin, and hormonal breakouts. I liked the packaging but will not repurchase this product."
172,3,I highly recommend this product,"February 12, 2020",5,Tiff · Review provided by ulta.com,This is my new favorite! I use it daily and my skin has never been so soft.
173,4,Great for acne prone dry skin,"January 17, 2018",5,Nikki827 · Review provided by neutrogena.com,I loved how this cleanser made my skin feel soft and didn't make my skin feel stiff and dry like others face cleansers I have used. The bottle is also designed great with a easy pump you can get the perfect amount every time!
174,5,So clean,"December 10, 2017",5,Niccitobey6 · Review provided by neutrogena.com,I loved how this applies and smells so good. It didn’t dry out my face at all. It doesn’t irritate my skin or eyes. I have already bought it again and my sister even took my recommendation and bought it.
175,6,Will buy this forever,"January 12, 2018",5,Afranklin7138 · Review provided by neutrogena.com,"This is one of those products that you get your hands on and you say WHERE HAS THIS BEEN IN MY LIFE. It is amazing, it makes my skin feel so clean and soft. Does not irritate. I love this."
176,7,Cleansing lotion,"December 14, 2017",4,Jennifer782 · Review provided by neutrogena.com,I like Neutrogena hydro boost gentle cleansing lotion because it works great when you put on your face you feel it working into your skin really fast. And makes your skin feel really smoother after uses and looks great.
177,8,Fantastic Product,"August 28, 2018",5,LotionLover7 · Review provided by neutrogena.com,I really liked this product. I have very dry skin and so I am always looking for something that will keep my skin moisturized for several hours. I found that in this product.
178,9,Fresh,"March 11, 2018",5,Fresh8 · Review provided by neutrogena.com,My 10 year old son loves this face wash. It is gentle and effective. Washes away the days dirt without drying his face. We love Neutrogena products!
179,10,Great for sensitive skin!!!,"November 7, 2018",5,periann63 · Review provided by neutrogena.com,Love this product!!!! My daughter uses it as well as she has sensitive skin and I have mature skin yet we both love it.
180,1,Doesn't work,"July 25, 2018",3,Disappointed customer · Review provided by ulta.com,I bought this to take my makeup off.. it doesn't. I have to go in 2 or 3 times with a new layer and wash it off again in order for it to work. And on top of that I go in with a different cleanser afterwards so that's just too time consuming for me.
181,2,,"April 29, 2018",4,amie.h · Review provided by influenster.com,"Honestly, this works great to remove makeup, it is almost like a no-smear makeup remover! It also has helped my acne so much. So you get the best of both worlds! I would totally recommend."
182,3,,"June 13, 2018",5,sheliza.k · Review provided by influenster.com,I love this formula. It's gentle and doesn't leave my skin dry. Plus it's very affordable. It also have hyllauranic acid witch is great for you skin
183,4,Nice product,"January 17, 2018",4,cherylmordonez1 · Review provided by neutrogena.com,I like the fact that Neutrogena Hydro Boost Gentle Cleansing Lotion is safe on my highly sensitive skin. It is also great that it provides extra moisture because I have really dry skin.
184,5,,"November 18, 2018",4,Review provided by influenster.com,"Very soft , smell good and not very expensive ! I didn’t see any difference with others but works well! I think it’s a good cleanser"
185,6,,"September 4, 2019",5,mary.r · Review provided by influenster.com,It has been one of my go to sleep forever and is very affordable is Mica face a clean and refreshed feeling afterwards I also use their hydroboost moisturizer and they're under eye cream afterwards
186,7,,"December 4, 2017",5,lisa.d · Review provided by influenster.com,"I love this cleanser! It leaves my face feeling so clean, soft and moisturized. I have problematic oily skin and this lightweight gel cleanser doesn't leave my face feeling greasy."
187,8,Great Products,"February 19, 2018",5,Maemae7710 · Review provided by neutrogena.com,We have been using Neutrogena products for several years now. They are absolutely wonderful. We have sensitive skin and this brand bever irritates our skin.
188,9,Love!,"June 16, 2019",5,Alexandra · Review provided by ulta.com,This cleanser works perfectly as a second cleanser when double cleansing! Also love that it is fragrance free!!!
189,10,,"January 21, 2018",5,natasha.j · Review provided by influenster.com,I love this product. Smells Great! Leaves a great tingly feeling when rinsed and air dried. Has helped a lot with clearing up severe ance.
190,1,great cleansing lotion,"January 18, 2018",5,dianamariemad7 · Review provided by neutrogena.com,"Wow I am impressed with this cleansing lotion. It did a good job cleaning away all the makeup at the end of the day, still needed to use some makeup remover to get the rest but it did get most of it and it left my face feeling clean and refreshed."
191,2,,"November 6, 2017",4,sobia.j · Review provided by influenster.com,A good cleansing lotion for dry skin. I just love how softly it cleanses and leaves my skin feeling hydrated afterwards. A little pricey than others in market but it's very effective and highly recommended
192,3,Best cleanser,"March 17, 2019",5,KarinaZ · Review provided by ulta.com,I got a full size as a freebie at the dermatologist & fell in love. My skin is very sensitive & this cleanser leaves my skin hydrated & clean.
193,4,Great,"April 3, 2020",4,Pamela · Review provided by walmart.com,Great for people with dry skin I use it in the morning my skin doesn't feel over dry with this product.
194,5,,"January 18, 2018",5,allaine.m · Review provided by influenster.com,I looove it! It is smooth and efficient. The texture is not sticky at all and you just need two small pumps to cover the entire face. I’ve been using it for about a year and a half
195,6,Different feel,"January 21, 2018",4,Bluebutterfly7 · Review provided by neutrogena.com,This feels like you're applying lotion but it's removing all the ickyness off your face. It's non-dryinf formula feels amazing and leaves your face feeling a deep down clean like a facial .
196,7,,"May 12, 2018",3,michelle.s · Review provided by influenster.com,"This product has a nice smell and texture, but my face feels tight and dry after use. Maybe it's suitable for oily skin types, but if you have dry or combination skin, I wouldn't recommend."
197,8,Hydro boost,"January 19, 2018",4,Berry57 · Review provided by neutrogena.com,"I love Neutrogena Hydro Boost Gentle Cleansing Lotion it makes my face feel and look clean, family members were asking what am I using on my face. The product is oil free so it doesn't leave your face or skin oily, it smell ok"
198,9,,"November 27, 2018",5,nicole.i · Review provided by influenster.com,My all time favorite! Will be purchasing this again. I loved how it cleanses my face and removes makeup.
199,10,Great lotion,"December 11, 2017",4,Jessicaaaa7 · Review provided by neutrogena.com,It went on nicely it lathered up well and I felt like it had noticeable results when using this product. I felt like I had a very clean feeling after using this lotion and that it got off anything that my usual makeup wipe may have missed.
200,1,Great cleanser for sensitive skin!,"August 20, 2020",5,Sharon · Review provided by walmart.com,Best cleanser for sensitive skin...it seems to be one of the few that will not irritate my face!
201,2,,"December 17, 2017",5,amy.e · Review provided by influenster.com,"I like this product, Its easy to use and it make the skin feel very soft. It's also good to use as a face mask, Yes it's what I expected it really works you use it for 15-20 minutes on face.Yes comes in nice pacaking. Yes I would higly recommend this product to alot of people."
202,3,,"April 30, 2019",4,c.h · Review provided by influenster.com,I really love this product it’s not too dry it lathers really well I bought a couple days ago and I loved it so far is definitely replace one of my more expensive moisturizing face lotions which I like and it’s not to dry and looks for the other Neutrogena products so I would deathly recommend it it’s a great price point
203,4,,"February 22, 2018",2,Review provided by influenster.com,I purchased this product when my skin used to be really dry because of a pill i took that was medicating my acne. I hoped it would help my skin to stay hydrated and to fight the matter of fact that my skin was basically falling of at one point. But I have to say it didn’t help me with my problem a lot and i had to find another product to cure my bad skin conditions:/
204,5,,"December 19, 2018",5,shaz.w · Review provided by influenster.com,I purchased the Hydro Boost cleanser to compliment the moisturizing gel. My skin was dry and flaky before. I love the results this line has given my skin.
205,6,,"December 28, 2018",5,aurora.d · Review provided by influenster.com,"Hands down favorite cleanser i own. So easy to use. Melts off my makeup, is hydrating, makes my skin feel fantastic i will continue to buy this."
206,7,Soothing cleanser,"December 15, 2017",5,MichyT5 · Review provided by neutrogena.com,"This cleanser has more of a gel consistency that's very gentle on the skin and it does foam up (I would not describe it as ""lotion""). I use this with a cleansing device and really like it! It does a good job cleaning and does not dry out the skin."
207,8,Great Cleanser to use with Nuface Microcurrent Device,"December 10, 2019",5,Momma Jo · Review provided by ulta.com,This is a non-oily cleanser that is great to use before using my NuFace.
208,9,"Really good, thank you!","May 29, 2018",5,lab963 · Review provided by ebay.com,"Great product for dry skin, very gentle. You can actually just wipe this off with a cotton ball.. no need to used water if your face is extra sensitive to drying. I recommend."
209,10,A great cleansing lotion,"December 10, 2017",5,forsurveyonly2 · Review provided by neutrogena.com,"I received the NEUTROGENA HYDRO BOOST GENTLE CLEANSING LOTION from the Home Tester Community and used it. it has a great smell and a great cleansing lotion, which cleanses as well as softens my skin. A great product for sure."
210,1,"If you've got dry skin, try this","January 15, 2018",5,mrsb4 · Review provided by neutrogena.com,I get really dry skin in the winter and have a hard time finding a cleanser that won't dry out my face. This worked great! Where I'm usually dry and flaky I'm not now.
211,2,,"March 3, 2018",5,neyda.p · Review provided by influenster.com,This is good on the face it really hydrates the face. Since it’s a hydration product it’s good for all skin types even oily because your skin needs to look hydrated even though your skin is oily
212,3,Will buy again,"July 24, 2020",5,Marissa · Review provided by ulta.com,This face wash completely transformed my skin and made it so smooth and bright.
213,4,Gentle Cleansing.,"February 18, 2018",5,Kaye8 · Review provided by neutrogena.com,I found this very gentle on my skin. There were no dry patches or redness just a very great feeling of being clean but not dried out. My face loves this.
214,5,,"January 8, 2019",5,vanessa.m · Review provided by influenster.com,This cleanser cleans my skin without making it dry. I need less moisturizer since using this cleaner.
215,6,No moisture,"November 11, 2018",1,Nmf13 · Review provided by neutrogena.com,Strips moisture. Intensly strips moisture. Has to be the corn starch.
216,7,My opinion,"April 16, 2018",5,Alrhym846 · Review provided by neutrogena.com,I love Neutrogena Hydro-Boost Gentle Cleasing Lotionvits great for my dry skin and I am not break out as bad keeping face clean and makeup light means less beakouts.
217,8,,"January 13, 2018",5,Review provided by influenster.com,I use the hydroboost gel cleanser everyday twice a day. It's gentle and my face feels super clean after. I usually follow it up with the hydroboost gel moisturizer.
218,9,,"January 23, 2019",5,rachel.k · Review provided by influenster.com,"My all time favorite cleanser! It’s super gentle on the face, very hydrating, and doesn’t cause breakouts."
219,10,,"December 1, 2018",5,crystal.j · Review provided by influenster.com,I really like this Hydra boosting gel it gently cleans its for sensitive skin and it's fragrance-free I would highly recommend it
220,1,Neutrogena hydro boost cleansing lotion,"December 12, 2017",5,Msbrittany5 · Review provided by neutrogena.com,I honestly love this product its very comfortable and smooth in your skin.And the smell of it isnt strong or anything but feels very comfortable on skin i definitely recommend this .I love it alot and happy had the chance to try and happy with the results
221,2,hydro boost,"May 31, 2018",5,keri2 · Review provided by neutrogena.com,I love this product!!!!! Very little is needed and foams up sooooo easily. would highly recommend.
222,3,Neutrogena hydro boost,"March 7, 2018",5,Onlythebest1 · Review provided by neutrogena.com,"I received a free sample of this product, and let me tell you what!!! I fell I love instantly!! My face never felt or looked so alive!"
223,4,Wonderful,"July 4, 2018",5,Ash10 · Review provided by neutrogena.com,I love anything from Neutrogena. My skin has been always been clean and pretty because I always stick with them for all facial products and makeup.
224,5,must buy,"January 11, 2018",5,Ortiz1988c8 · Review provided by neutrogena.com,My skin is dry and sensitives at times. Using this make me feel results right away. I feel softness and i love that it is easy to use and come off.
225,6,Better than water,"January 14, 2018",5,Letty875 · Review provided by neutrogena.com,"I liked that I was able to use it without water and just wipe off , it left my skins soft and a lean I didn't have any break uts from it or red itchiness after use, no smell orgreasy feeling being able to use it with or without water makes it very resistible I can carry it with my and use it any where when my face feel dirty"
226,7,Neutrogena hydro boost sensitive skin,"July 23, 2019",5,Trish · Review provided by walmart.com,"I love this product, I wish my local store carried it."
227,8,,"October 25, 2018",5,denise.j · Review provided by influenster.com,similar to CeraVe and Cetaphil. decent price point and doesn't irritate or strip the skin. I tend to use it as my morning cleanser.
228,9,My skin is soft and glowing,"February 14, 2019",4,Pauline37 · Review provided by neutrogena.com,I have oily and sensitive skin and this leaves my skin feeling clean without irritation.
229,10,,"October 16, 2019",5,ææãt.æ · Review provided by influenster.com,I recently buy this product and so far the best subsequence for dry sensitive skin and so gentle to wash face
230,1,Neutrogena,"January 31, 2018",4,heather7 · Review provided by neutrogena.com,"I loved using this Neutrogena hydro boost cleansing lotion, it left my skin soft and clean it's an awesome cleaning solution for your face."
231,2,,"November 5, 2019",5,lynda.f · Review provided by influenster.com,Light on the face works perfectly for my skin since it is very sensitive and it is not pricey at all
232,3,Like it,"December 13, 2017",5,prlady1 · Review provided by neutrogena.com,"Absolutely love this product. It washes off easily, and leaves no residue. I received a free sample in exchange of my honest review."
233,4,Neutrogena Hydro Boost facial cleanser,"January 20, 2018",4,Misspea383 · Review provided by neutrogena.com,This cleanser is like washing your face with lotion. My skin was very soft and felt clean.
234,5,,"April 15, 2018",5,carmela.b · Review provided by influenster.com,"I really like this cleanser - my skin feels super soft and hydrated every time I use it. It's very foamy, and smells really good."
235,6,Neutrogena Hydro Boost Gentle Cleansing Lotion,"February 11, 2018",5,Denise113 · Review provided by neutrogena.com,"It's fragrance free, mild formula. Cleanses my skin without making my skin feel dry or greasy"
236,7,,"November 13, 2018",3,jenna.k · Review provided by influenster.com,I am not sure about this one my skin definitely didn’t feel dry afterward but I end up washing twice with it and don’t get left with the clean skin feeling
237,8,neutrogena is absolutely awesome love it,"December 8, 2017",5,Bellamama389 · Review provided by neutrogena.com,i love this product and how it makes my skin feel its absolutely awesome love everything about neutrogena products.
238,9,,"December 25, 2017",4,jessica.r · Review provided by influenster.com,"It has a nice clean scent, not too strong. And it works great! Skin feels nice and moisturized after."
239,10,Good item,"January 11, 2018",5,Melissa2815210 · Review provided by neutrogena.com,This is a really good product. Smooth lotion and a good smell. I would recommend this to anyone.
240,1,,"February 1, 2018",4,alice.s · Review provided by influenster.com,Works well but the hyaluronic acid claim is quite overextended. It isn't really needed in a cleanser. Still a good product.
241,2,,"February 21, 2018",4,kirsty.m · Review provided by influenster.com,looooooove how clean and hydrated my skin feels after using this!!! Not too expensive and very gentle which is great for me as I have sensitive skin
242,3,Hydration and Cleanse,"November 24, 2018",4,SarahM · Review provided by ulta.com,Really liked this product. My skin feels fresh and hydrated.
243,4,hydrated,"January 23, 2018",4,Leras773 · Review provided by neutrogena.com,"First of all, I like this feeling after using lotion- it seems like my skin more hydreted and fresh. Also it leaves a pleasant scent."
244,5,This is my go too for now on.,"December 15, 2017",5,Lilyflower874 · Review provided by neutrogena.com,I love the smell of the product it leaves my face soft not dry at all leaving it feeling fresh and clean removes all the dirt and makeup I would definitely buy and recommend this product.
245,6,,"October 18, 2018",5,victoria.e · Review provided by influenster.com,I use this with the water gel cleanser to remove all dirt and buildup without drying out my skin. Works great on the body as well.
246,7,Maybe.,"January 24, 2018",3,YHayes5 · Review provided by neutrogena.com,"It is a good cleansing, you can definitely see and feel the difference after using it, the skin is softer and it feels cleaner, the only thing I could say is that I would only use it once a week since it breaks me out using every day."
247,8,Neutrogena hydro boost,"January 17, 2018",3,Dominicanlips2 · Review provided by neutrogena.com,It removes light make up but it doesn’t do a good job removing waterproof make up. Don’t like it.
248,9,NEUTROGENA HYDRO BOOST,"December 11, 2017",5,adnama5 · Review provided by neutrogena.com,This made my skin so moisturized and clean. It has a great list of ingredients and is gentle but so effective.
249,10,Love it!,"January 12, 2018",5,StephsCheers6 · Review provided by neutrogena.com,I love this product! It left my skin feeling AMAZING and super clean. I also noticed it was much less dry!
250,1,,"August 2, 2018",5,jessyca.d · Review provided by influenster.com,One of the best cleansers I've used this far. I've noticed a difference in my skin since using and it always leaves my skin feeling fresh.
251,2,,"January 29, 2018",5,nadia.m · Review provided by influenster.com,I first use a cleaning balm and then use this as my second cleanse. It is good for sensitive skin. My eyes don't burn.
252,3,Gentle wash lotion,"January 11, 2018",5,Girly7 · Review provided by neutrogena.com,As true to its name it's really very gentle on my skin and cleaned my face with a beautiful shine on it. I got it as a sample to try.
253,4,Clean as can be!,"December 14, 2017",4,Hmommy2 · Review provided by neutrogena.com,Left my skin feeling refreshed. Will be purchasing again! I was shocked by how clean my face felt after using!
254,5,Amazing Hydration,"December 13, 2017",5,Scastillo1 · Review provided by neutrogena.com,Love this product especially during this time of year my skin is really dry and this product made my face feel completely hydrated
255,6,Gentle cleansing lotion,"January 14, 2018",5,gabedu1045 · Review provided by neutrogena.com,A fresh clean scent this cleansing lotion lathers up fast and rinses completely leaving my skin dewy soft.
256,7,Neutrogena Cleansing Lotion,"December 14, 2017",4,Diana155 · Review provided by neutrogena.com,"I like the way it leaves my skin, makes it soft and feels fresh. It has a nice scent to it."
257,8,Good product,"January 12, 2018",4,Bayamonsgirl085 · Review provided by neutrogena.com,"I really liked this product the smell was fine not overpowering and It cleansed my skin well, removing any dirt and makeup I had."
258,9,Wonderful,"December 12, 2017",5,Sarah123 · Review provided by neutrogena.com,Neutrogena® Hydro Boost Gentle Cleansing Lotion is gentle and revitalizing! My skin is so soft and smooth!
259,10,Luxurious and hydrating cleanser,"January 11, 2018",5,Jennialdo4 · Review provided by neutrogena.com,It left my skin hydrated clean and was luxurious to use it was like using a product from the spa and the neutrogena brand is very premium
260,1,,"August 3, 2018",5,brooke.c · Review provided by influenster.com,"All my kids use this, even the boy. It really works really fast. I keep a back up at all times. My girls can't go with out it."
261,2,Likeit,"February 6, 2018",4,Likeit7 · Review provided by neutrogena.com,"A good product for sensitive skin. Nice scent, too. I recommend it!"
262,3,Drink for the skin,"July 24, 2019",5,24-7bid · Review provided by ebay.com,Recommended by skin specialist and works wonderfully for my dry skin
263,4,Pilkute,"December 15, 2017",3,Polkite342 · Review provided by neutrogena.com,I don't think I like this product. It may not match my skin but other people might work differently.
264,5,A glowing moisturizer.,"December 11, 2017",5,Kim392 · Review provided by neutrogena.com,"I use this in my daily routine. I love the scent, and I love how it moisturizes my skin."
265,6,,"July 26, 2018",5,deysy.g · Review provided by influenster.com,"The whole hydro boost skin collection gets a 5/5 stars for me. Very hydrating, especially good for people with dry skin"
266,7,,"December 27, 2017",5,chelsie.c · Review provided by influenster.com,"This is the best cleanser I’ve ever used, miracle cleanser. (I use with and ;works wonders, my skin is the best it’s been.)"
267,8,Best face product out there.,"January 16, 2018",4,Katkris20018 · Review provided by neutrogena.com,I really liked the way this worked on my skin. I also loved that i could use it in either wet or dry skin.
268,9,Gentle cleanser,"February 16, 2018",5,iKhadijeh · Review provided by ulta.com,My sensitive and eczema prone skin does not react badly to this. It feels great and does not break me out!
269,10,,"April 6, 2018",2,Review provided by influenster.com,"It's ok, definitely NOT hydrating at all and makes my skin feel tight. Doesn't break me out though so I'll use until its gone"
270,1,Soft Clean,"February 2, 2018",5,Cleanser7 · Review provided by neutrogena.com,"Great for removing makeup, yet gentle on sensitive skin. Skin is left super soft and clean!"
271,2,highly recommend to all,"January 12, 2018",5,mommabear10 · Review provided by neutrogena.com,I love the way this made my skin feel after I used it.I used it with a spin brush for a deeper clean!Great product!!!
272,3,,"December 7, 2018",5,elizabeth.b · Review provided by influenster.com,I wouldn’t say it takes off all your makeup but for a second cleanser it’s great and non-stripping!
273,4,Not recommended!,"December 9, 2018",1,diana32 · Review provided by neutrogena.com,"The morning after i used this product, my skin completely broke out."
274,5,,"December 27, 2017",5,briana.h · Review provided by influenster.com,is the best for dry skin. After I was my face it feels so fresh and isn't dried out I recommend it to anyone that has problems with dry skin.
275,6,Hydra boost cleansing lotion,"December 8, 2017",5,Lc0505077 · Review provided by neutrogena.com,I love how it made my face feel moisturized. It renewed my skin.
276,7,Winter hydration,"December 11, 2017",4,Figueroac5 · Review provided by neutrogena.com,Great packaging makes me use it more at night time and leaves the skin hydrated this winter time
277,8,Love it,"May 5, 2020",5,liltma* · Review provided by ebay.com,It does what its supposed to do Love it its great
278,9,,"November 27, 2018",5,ashley.g · Review provided by influenster.com,This has cleared up my dry patches on my skin and leaves it feeling really soft and clean!
279,10,,"February 16, 2018",5,kristine.g · Review provided by influenster.com,Cleans my skin really well. My face doesn't feel dry after I'm done washing keeps my skin feeling refreshing love it
280,1,Great!,"January 14, 2018",5,homamono4 · Review provided by neutrogena.com,I used it yesterday and liked it alot. It is very gentle and took off all my makeup off easily for the day.
281,2,,"January 25, 2018",4,sana.a · Review provided by influenster.com,"Not bad but its not that good also, its so gentle over the skin but don't give me that grest result, I hope you could make it more effective"
282,3,My new fav,"January 17, 2018",5,hagaynor9 · Review provided by neutrogena.com,I found that it left my face feeling fresh and clean as well it did not leave it feeling dried out as some face moisturizer do.
283,4,Cleans good,"October 12, 2018",3,Karata11 · Review provided by ulta.com,Works good. I wouldn't say it does anything special other than clean my face.
284,5,Overall great,"January 11, 2018",4,Cassandra950113 · Review provided by neutrogena.com,"With a little bit of a sticky feel until it absorbs, this is a real nice quality and consistency."
285,6,Love!!!,"January 30, 2018",5,AmberB4 · Review provided by neutrogena.com,I absolutely love this product! It leaves my skin feeling fresh and clean.
286,7,,"February 22, 2018",1,ermina.h · Review provided by influenster.com,Personally it was just a mess... like no reaction to my skin... it didn‘t do his job at all... no it‘s not pricy but it is disappointing
287,8,,"October 10, 2019",3,JJ · Review provided by walmart.com,I hate the smell of this. Doesnâ€™t really lather up
288,9,,"March 4, 2018",5,francesca.d · Review provided by influenster.com,"Very gentle and kind to the skin, I don't know if it really hydrates but it doesn't strip the skin of any oil either, which is very important."
289,10,Morgan,"June 21, 2018",5,Morgan4 · Review provided by neutrogena.com,This product is very nice! Recommend if you have oily skin.
290,1,Hate it,"January 11, 2018",1,Babyface105 · Review provided by neutrogena.com,"I did not like this product. As soon as I put it on my face, my face burned and turned bright red."
291,2,my gentle cleansing lotion,"January 11, 2018",5,Mkeys21 · Review provided by neutrogena.com,I love my gentle cleansing cream for it is just that for it cleans greatly
292,3,cleansing lotion,"September 30, 2020",3,jha · Review provided by ulta.com,This doesn't remove makeup
293,4,Like it,"June 29, 2019",5,Anna · Review provided by ulta.com,Very gentle and comfortable to use it after sunburned.
294,5,Neutrogena,"December 9, 2017",5,Ghostfairy369 · Review provided by neutrogena.com,Very good product. I love the way it makes my skin feel.
295,6,Great,"January 14, 2018",3,Megan858 · Review provided by neutrogena.com,"Smells amazing, goes on smoothly. Very moisturizing"
296,7,Good product,"December 13, 2017",3,Itxmeyaya4 · Review provided by neutrogena.com,Washes off makeup throughly. Face feels soft after.
297,8,I would not repurchase.,"May 10, 2019",1,kimmie · Review provided by ulta.com,Do not like the texture of the product.
298,9,Hydro,"January 11, 2018",5,Boymom63 · Review provided by neutrogena.com,Its gentle on my skin which I enjoy. Makes my skin feel smooth
299,10,Awesome,"December 11, 2017",5,Keisha1625 · Review provided by neutrogena.com,Awesome the best product ever I can't wait to tell my family and friends about this product
300,1,Like this product,"January 11, 2018",5,Bellamama3810 · Review provided by neutrogena.com,Absolutely love everything about this product it’s awesome
301,2,Cleansing,"January 12, 2018",5,Tere12352 · Review provided by neutrogena.com,Neutrogena Cleansing lotion is a good product to have in your bathroom.
302,3,Love it,"December 14, 2017",5,mariearnett692 · Review provided by neutrogena.com,It is a very good product it cleans your Facebook and smells so good
303,4,It did not work for me,"May 9, 2019",1,China · Review provided by ulta.com,I got a lot of itching on my face and I got small pimples.
304,5,Not effective,"August 10, 2018",1,DiscoFay · Review provided by neutrogena.com,I bought it 3 weeks ago and doesn’t take out my makeup. It’s a hype
305,6,Sarasmom review,"January 11, 2018",3,Sarasmom9 · Review provided by neutrogena.com,"It s very mild , dies the job but doesn't leave u feeling fresh"
306,7,nice!,"January 13, 2018",5,Ladyai2 · Review provided by neutrogena.com,It work well on the skin. my face feels smooth and clean!
307,8,Happy,"December 8, 2017",5,Jojo318 · Review provided by neutrogena.com,Amazing product one of the best neutegena I’ve ever used.
308,9,Try it out,"January 12, 2018",4,Amorales277 · Review provided by neutrogena.com,It was awesome it felt niceon your skin during and after
309,10,Wonderful,"January 11, 2018",4,Locket308 · Review provided by neutrogena.com,It is a good product and i use it all the time and its wonderful
310,1,Amazing,"December 8, 2017",5,rosalyn19655 · Review provided by neutrogena.com,I love way makes my skin feel and I would love buy it
311,2,Excelente,"August 11, 2019",5,myrncin_0 · Review provided by ebay.com,Limpia bien el rostro
